system:index,NDVI,.geo
LT05_034038_19950103,0.1328030354451692,"{""type"":""Polygon"",""coordinates"":[[[-109.09,31.93],[-109.07,31.93],[-109.07,31.945],[-109.09,31.945],[-109.09,31.93]]]}"
LT05_034038_19950119,,"{""type"":""Polygon"",""coordinates"":[[[-109.09,31.93],[-109.07,31.93],[-109.07,31.945],[-109.09,31.945],[-109.09,31.93]]]}"
LT05_034038_19950204,0.17649854187398825,"{""type"":""Polygon"",""coordinates"":[[[-109.09,31.93],[-109.07,31.93],[-109.07,31.945],[-109.09,31.945],[-109.09,31.93]]]}"
LT05_034038_19950220,0.23869477084413585,"{""type"":""Polygon"",""coordinates"":[[[-109.09,31.93],[-109.07,31.93],[-109.07,31.945],[-109.09,31.945],[-109.09,31.93]]]}"
LT05_034038_19950308,0.2766788429502559,"{""type"":""Polygon"",""coordinates"":[[[-109.09,31.93],[-109.07,31.93],[-109.07,31.945],[-109.09,31.945],[-109.09,31.93]]]}"
LT05_034038_19950324,0.32505148152254726,"{""type"":""Polygon"",""coordinates"":[[[-109.09,31.93],[-109.07,31.93],[-109.07,31.945],[-109.09,31.945],[-109.09,31.93]]]}"
LT05_034038_19950409,0.3029464621508165,"{""type"":""Polygon"",""coordinates"":[[[-109.09,31.93],[-109.07,31.93],[-109.07,31.945],[-109.09,31.945],[-109.09,31.93]]]}"
LT05_034038_19950425,0.22880066805380941,"{""type"":""Polygon"",""coordinates"":[[[-109.09,31.93],[-109.07,31.93],[-109.07,31.945],[-109.09,31.945],[-109.09,31.93]]]}"
LT05_034038_19950511,0.1882480741056453,"{""type"":""Polygon"",""coordinates"":[[[-109.09,31.93],[-109.07,31.93],[-109.07,31.945],[-109.09,31.945],[-109.09,31.93]]]}"
LT05_034038_19950527,0.1829881480504686,"{""type"":""Polygon"",""coordinates"":[[[-109.09,31.93],[-109.07,31.93],[-109.07,31.945],[-109.09,31.945],[-109.09,31.93]]]}"
LT05_034038_19950612,0.18070120012440002,"{""type"":""Polygon"",""coordinates"":[[[-109.09,31.93],[-109.07,31.93],[-109.07,31.945],[-109.09,31.945],[-109.09,31.93]]]}"
LT05_034038_19950628,0.17731262026273567,"{""type"":""Polygon"",""coordinates"":[[[-109.09,31.93],[-109.07,31.93],[-109.07,31.945],[-109.09,31.945],[-109.09,31.93]]]}"
LT05_034038_19950714,0.1898190435924705,"{""type"":""Polygon"",""coordinates"":[[[-109.09,31.93],[-109.07,31.93],[-109.07,31.945],[-109.09,31.945],[-109.09,31.93]]]}"
LT05_034038_19950730,0.18300470055429355,"{""type"":""Polygon"",""coordinates"":[[[-109.09,31.93],[-109.07,31.93],[-109.07,31.945],[-109.09,31.945],[-109.09,31.93]]]}"
LT05_034038_19950831,0.1876148150721188,"{""type"":""Polygon"",""coordinates"":[[[-109.09,31.93],[-109.07,31.93],[-109.07,31.945],[-109.09,31.945],[-109.09,31.93]]]}"
LT05_034038_19951002,0.2772444687479138,"{""type"":""Polygon"",""coordinates"":[[[-109.09,31.93],[-109.07,31.93],[-109.07,31.945],[-109.09,31.945],[-109.09,31.93]]]}"
LT05_034038_19951018,0.23238682642404096,"{""type"":""Polygon"",""coordinates"":[[[-109.09,31.93],[-109.07,31.93],[-109.07,31.945],[-109.09,31.945],[-109.09,31.93]]]}"
LT05_034038_19951103,0.20914594608708822,"{""type"":""Polygon"",""coordinates"":[[[-109.09,31.93],[-109.07,31.93],[-109.07,31.945],[-109.09,31.945],[-109.09,31.93]]]}"
LT05_034038_19951119,0.19665171473977688,"{""type"":""Polygon"",""coordinates"":[[[-109.09,31.93],[-109.07,31.93],[-109.07,31.945],[-109.09,31.945],[-109.09,31.93]]]}"
LT05_034038_19951205,0.18049548542475555,"{""type"":""Polygon"",""coordinates"":[[[-109.09,31.93],[-109.07,31.93],[-109.07,31.945],[-109.09,31.945],[-109.09,31.93]]]}"
LT05_034038_19960207,0.14612808310122433,"{""type"":""Polygon"",""coordinates"":[[[-109.09,31.93],[-109.07,31.93],[-109.07,31.945],[-109.09,31.945],[-109.09,31.93]]]}"
LT05_034038_19960223,,"{""type"":""Polygon"",""coordinates"":[[[-109.09,31.93],[-109.07,31.93],[-109.07,31.945],[-109.09,31.945],[-109.09,31.93]]]}"
LT05_034038_19960310,0.08783852285981913,"{""type"":""Polygon"",""coordinates"":[[[-109.09,31.93],[-109.07,31.93],[-109.07,31.945],[-109.09,31.945],[-109.09,31.93]]]}"
LT05_034038_19960326,0.132635697675087,"{""type"":""Polygon"",""coordinates"":[[[-109.09,31.93],[-109.07,31.93],[-109.07,31.945],[-109.09,31.945],[-109.09,31.93]]]}"
LT05_034038_19960411,0.13444525528104193,"{""type"":""Polygon"",""coordinates"":[[[-109.09,31.93],[-109.07,31.93],[-109.07,31.945],[-109.09,31.945],[-109.09,31.93]]]}"
LT05_034038_19960427,0.10183628782796045,"{""type"":""Polygon"",""coordinates"":[[[-109.09,31.93],[-109.07,31.93],[-109.07,31.945],[-109.09,31.945],[-109.09,31.93]]]}"
LT05_034038_19960513,0.10057546541052101,"{""type"":""Polygon"",""coordinates"":[[[-109.09,31.93],[-109.07,31.93],[-109.07,31.945],[-109.09,31.945],[-109.09,31.93]]]}"
LT05_034038_19960529,0.1263397933201168,"{""type"":""Polygon"",""coordinates"":[[[-109.09,31.93],[-109.07,31.93],[-109.07,31.945],[-109.09,31.945],[-109.09,31.93]]]}"
LT05_034038_19960614,0.12532859216478873,"{""type"":""Polygon"",""coordinates"":[[[-109.09,31.93],[-109.07,31.93],[-109.07,31.945],[-109.09,31.945],[-109.09,31.93]]]}"
LT05_034038_19960630,0.14915588505147045,"{""type"":""Polygon"",""coordinates"":[[[-109.09,31.93],[-109.07,31.93],[-109.07,31.945],[-109.09,31.945],[-109.09,31.93]]]}"
LT05_034038_19960716,0.23807785489140354,"{""type"":""Polygon"",""coordinates"":[[[-109.09,31.93],[-109.07,31.93],[-109.07,31.945],[-109.09,31.945],[-109.09,31.93]]]}"
LT05_034038_19960817,0.20009065678732607,"{""type"":""Polygon"",""coordinates"":[[[-109.09,31.93],[-109.07,31.93],[-109.07,31.945],[-109.09,31.945],[-109.09,31.93]]]}"
LT05_034038_19960902,0.18118910009853104,"{""type"":""Polygon"",""coordinates"":[[[-109.09,31.93],[-109.07,31.93],[-109.07,31.945],[-109.09,31.945],[-109.09,31.93]]]}"
LT05_034038_19960918,0.2052601109780909,"{""type"":""Polygon"",""coordinates"":[[[-109.09,31.93],[-109.07,31.93],[-109.07,31.945],[-109.09,31.945],[-109.09,31.93]]]}"
LT05_034038_19961004,0.19388171181120342,"{""type"":""Polygon"",""coordinates"":[[[-109.09,31.93],[-109.07,31.93],[-109.07,31.945],[-109.09,31.945],[-109.09,31.93]]]}"
LT05_034038_19961020,0.13960386015439272,"{""type"":""Polygon"",""coordinates"":[[[-109.09,31.93],[-109.07,31.93],[-109.07,31.945],[-109.09,31.945],[-109.09,31.93]]]}"
LT05_034038_19961207,0.1450113683082155,"{""type"":""Polygon"",""coordinates"":[[[-109.09,31.93],[-109.07,31.93],[-109.07,31.945],[-109.09,31.945],[-109.09,31.93]]]}"
LT05_034038_19961223,0.14959779007558263,"{""type"":""Polygon"",""coordinates"":[[[-109.09,31.93],[-109.07,31.93],[-109.07,31.945],[-109.09,31.945],[-109.09,31.93]]]}"
LT05_034038_19970108,9.565978496772715E-4,"{""type"":""Polygon"",""coordinates"":[[[-109.09,31.93],[-109.07,31.93],[-109.07,31.945],[-109.09,31.945],[-109.09,31.93]]]}"
LT05_034038_19970124,0.1510428262105156,"{""type"":""Polygon"",""coordinates"":[[[-109.09,31.93],[-109.07,31.93],[-109.07,31.945],[-109.09,31.945],[-109.09,31.93]]]}"
LT05_034038_19970209,0.18146885516960534,"{""type"":""Polygon"",""coordinates"":[[[-109.09,31.93],[-109.07,31.93],[-109.07,31.945],[-109.09,31.945],[-109.09,31.93]]]}"
LT05_034038_19970329,0.17231338048251313,"{""type"":""Polygon"",""coordinates"":[[[-109.09,31.93],[-109.07,31.93],[-109.07,31.945],[-109.09,31.945],[-109.09,31.93]]]}"
LT05_034038_19970414,0.15478825393118995,"{""type"":""Polygon"",""coordinates"":[[[-109.09,31.93],[-109.07,31.93],[-109.07,31.945],[-109.09,31.945],[-109.09,31.93]]]}"
LT05_034038_19970430,0.11559511626331175,"{""type"":""Polygon"",""coordinates"":[[[-109.09,31.93],[-109.07,31.93],[-109.07,31.945],[-109.09,31.945],[-109.09,31.93]]]}"
LT05_034038_19970516,0.1421516407329272,"{""type"":""Polygon"",""coordinates"":[[[-109.09,31.93],[-109.07,31.93],[-109.07,31.945],[-109.09,31.945],[-109.09,31.93]]]}"
LT05_034038_19970601,0.1443683645014794,"{""type"":""Polygon"",""coordinates"":[[[-109.09,31.93],[-109.07,31.93],[-109.07,31.945],[-109.09,31.945],[-109.09,31.93]]]}"
LT05_034038_19970617,0.1582298497581073,"{""type"":""Polygon"",""coordinates"":[[[-109.09,31.93],[-109.07,31.93],[-109.07,31.945],[-109.09,31.945],[-109.09,31.93]]]}"
LT05_034038_19970703,0.14033596033048162,"{""type"":""Polygon"",""coordinates"":[[[-109.09,31.93],[-109.07,31.93],[-109.07,31.945],[-109.09,31.945],[-109.09,31.93]]]}"
LT05_034038_19970719,,"{""type"":""Polygon"",""coordinates"":[[[-109.09,31.93],[-109.07,31.93],[-109.07,31.945],[-109.09,31.945],[-109.09,31.93]]]}"
LT05_034038_19970820,0.20360117751113999,"{""type"":""Polygon"",""coordinates"":[[[-109.09,31.93],[-109.07,31.93],[-109.07,31.945],[-109.09,31.945],[-109.09,31.93]]]}"
LT05_034038_19970905,0.16674636066248658,"{""type"":""Polygon"",""coordinates"":[[[-109.09,31.93],[-109.07,31.93],[-109.07,31.945],[-109.09,31.945],[-109.09,31.93]]]}"
LT05_034038_19970921,0.18445831471618598,"{""type"":""Polygon"",""coordinates"":[[[-109.09,31.93],[-109.07,31.93],[-109.07,31.945],[-109.09,31.945],[-109.09,31.93]]]}"
LT05_034038_19971007,0.16067580906814288,"{""type"":""Polygon"",""coordinates"":[[[-109.09,31.93],[-109.07,31.93],[-109.07,31.945],[-109.09,31.945],[-109.09,31.93]]]}"
LT05_034038_19971124,0.11987014231969327,"{""type"":""Polygon"",""coordinates"":[[[-109.09,31.93],[-109.07,31.93],[-109.07,31.945],[-109.09,31.945],[-109.09,31.93]]]}"
LT05_034038_19971210,0.10893270295439951,"{""type"":""Polygon"",""coordinates"":[[[-109.09,31.93],[-109.07,31.93],[-109.07,31.945],[-109.09,31.945],[-109.09,31.93]]]}"
LT05_034038_19971226,0.12852440942166138,"{""type"":""Polygon"",""coordinates"":[[[-109.09,31.93],[-109.07,31.93],[-109.07,31.945],[-109.09,31.945],[-109.09,31.93]]]}"
LT05_034038_19980111,0.08446794218091207,"{""type"":""Polygon"",""coordinates"":[[[-109.09,31.93],[-109.07,31.93],[-109.07,31.945],[-109.09,31.945],[-109.09,31.93]]]}"
LT05_034038_19980228,0.18317909815650935,"{""type"":""Polygon"",""coordinates"":[[[-109.09,31.93],[-109.07,31.93],[-109.07,31.945],[-109.09,31.945],[-109.09,31.93]]]}"
LT05_034038_19980401,0.20052143668477582,"{""type"":""Polygon"",""coordinates"":[[[-109.09,31.93],[-109.07,31.93],[-109.07,31.945],[-109.09,31.945],[-109.09,31.93]]]}"
LT05_034038_19980417,0.16823329644833498,"{""type"":""Polygon"",""coordinates"":[[[-109.09,31.93],[-109.07,31.93],[-109.07,31.945],[-109.09,31.945],[-109.09,31.93]]]}"
LT05_034038_19980503,0.1540725887912279,"{""type"":""Polygon"",""coordinates"":[[[-109.09,31.93],[-109.07,31.93],[-109.07,31.945],[-109.09,31.945],[-109.09,31.93]]]}"
LT05_034038_19980519,0.1318726624693891,"{""type"":""Polygon"",""coordinates"":[[[-109.09,31.93],[-109.07,31.93],[-109.07,31.945],[-109.09,31.945],[-109.09,31.93]]]}"
LT05_034038_19980604,0.1365697678489231,"{""type"":""Polygon"",""coordinates"":[[[-109.09,31.93],[-109.07,31.93],[-109.07,31.945],[-109.09,31.945],[-109.09,31.93]]]}"
LT05_034038_19980620,0.13551037413866857,"{""type"":""Polygon"",""coordinates"":[[[-109.09,31.93],[-109.07,31.93],[-109.07,31.945],[-109.09,31.945],[-109.09,31.93]]]}"
LT05_034038_19980722,0.17549072787021633,"{""type"":""Polygon"",""coordinates"":[[[-109.09,31.93],[-109.07,31.93],[-109.07,31.945],[-109.09,31.945],[-109.09,31.93]]]}"
LT05_034038_19980807,0.17404839188469198,"{""type"":""Polygon"",""coordinates"":[[[-109.09,31.93],[-109.07,31.93],[-109.07,31.945],[-109.09,31.945],[-109.09,31.93]]]}"
LT05_034038_19980823,0.17015496390961896,"{""type"":""Polygon"",""coordinates"":[[[-109.09,31.93],[-109.07,31.93],[-109.07,31.945],[-109.09,31.945],[-109.09,31.93]]]}"
LT05_034038_19980908,0.1795881482765224,"{""type"":""Polygon"",""coordinates"":[[[-109.09,31.93],[-109.07,31.93],[-109.07,31.945],[-109.09,31.945],[-109.09,31.93]]]}"
LT05_034038_19980924,0.15680542624413543,"{""type"":""Polygon"",""coordinates"":[[[-109.09,31.93],[-109.07,31.93],[-109.07,31.945],[-109.09,31.945],[-109.09,31.93]]]}"
LT05_034038_19981010,0.1430368703346929,"{""type"":""Polygon"",""coordinates"":[[[-109.09,31.93],[-109.07,31.93],[-109.07,31.945],[-109.09,31.945],[-109.09,31.93]]]}"
LT05_034038_19981026,0.13432468784953436,"{""type"":""Polygon"",""coordinates"":[[[-109.09,31.93],[-109.07,31.93],[-109.07,31.945],[-109.09,31.945],[-109.09,31.93]]]}"
LT05_034038_19981127,0.1292508141674845,"{""type"":""Polygon"",""coordinates"":[[[-109.09,31.93],[-109.07,31.93],[-109.07,31.945],[-109.09,31.945],[-109.09,31.93]]]}"
LT05_034038_19981213,0.21153391007802744,"{""type"":""Polygon"",""coordinates"":[[[-109.09,31.93],[-109.07,31.93],[-109.07,31.945],[-109.09,31.945],[-109.09,31.93]]]}"
LT05_034038_19981229,0.19973624264030213,"{""type"":""Polygon"",""coordinates"":[[[-109.09,31.93],[-109.07,31.93],[-109.07,31.945],[-109.09,31.945],[-109.09,31.93]]]}"
LT05_034038_19990114,0.17666457875656033,"{""type"":""Polygon"",""coordinates"":[[[-109.09,31.93],[-109.07,31.93],[-109.07,31.945],[-109.09,31.945],[-109.09,31.93]]]}"
LT05_034038_19990130,0.15066304863920754,"{""type"":""Polygon"",""coordinates"":[[[-109.09,31.93],[-109.07,31.93],[-109.07,31.945],[-109.09,31.945],[-109.09,31.93]]]}"
LT05_034038_19990215,0.13312985024398136,"{""type"":""Polygon"",""coordinates"":[[[-109.09,31.93],[-109.07,31.93],[-109.07,31.945],[-109.09,31.945],[-109.09,31.93]]]}"
LT05_034038_19990303,0.11846521568742209,"{""type"":""Polygon"",""coordinates"":[[[-109.09,31.93],[-109.07,31.93],[-109.07,31.945],[-109.09,31.945],[-109.09,31.93]]]}"
LT05_034038_19990319,0.11759144300903807,"{""type"":""Polygon"",""coordinates"":[[[-109.09,31.93],[-109.07,31.93],[-109.07,31.945],[-109.09,31.945],[-109.09,31.93]]]}"
LT05_034038_19990404,,"{""type"":""Polygon"",""coordinates"":[[[-109.09,31.93],[-109.07,31.93],[-109.07,31.945],[-109.09,31.945],[-109.09,31.93]]]}"
LT05_034038_19990506,0.10304489150133893,"{""type"":""Polygon"",""coordinates"":[[[-109.09,31.93],[-109.07,31.93],[-109.07,31.945],[-109.09,31.945],[-109.09,31.93]]]}"
LT05_034038_19990522,0.10918454964494849,"{""type"":""Polygon"",""coordinates"":[[[-109.09,31.93],[-109.07,31.93],[-109.07,31.945],[-109.09,31.945],[-109.09,31.93]]]}"
LT05_034038_19990607,0.10427699603849329,"{""type"":""Polygon"",""coordinates"":[[[-109.09,31.93],[-109.07,31.93],[-109.07,31.945],[-109.09,31.945],[-109.09,31.93]]]}"
LT05_034038_19990623,0.12746462060320712,"{""type"":""Polygon"",""coordinates"":[[[-109.09,31.93],[-109.07,31.93],[-109.07,31.945],[-109.09,31.945],[-109.09,31.93]]]}"
LT05_034038_19990709,0.10784548415275373,"{""type"":""Polygon"",""coordinates"":[[[-109.09,31.93],[-109.07,31.93],[-109.07,31.945],[-109.09,31.945],[-109.09,31.93]]]}"
LT05_034038_19990725,0.1648658311902031,"{""type"":""Polygon"",""coordinates"":[[[-109.09,31.93],[-109.07,31.93],[-109.07,31.945],[-109.09,31.945],[-109.09,31.93]]]}"
LT05_034038_19990810,,"{""type"":""Polygon"",""coordinates"":[[[-109.09,31.93],[-109.07,31.93],[-109.07,31.945],[-109.09,31.945],[-109.09,31.93]]]}"
LT05_034038_19990826,,"{""type"":""Polygon"",""coordinates"":[[[-109.09,31.93],[-109.07,31.93],[-109.07,31.945],[-109.09,31.945],[-109.09,31.93]]]}"
LT05_034038_19990911,0.25987402462752,"{""type"":""Polygon"",""coordinates"":[[[-109.09,31.93],[-109.07,31.93],[-109.07,31.945],[-109.09,31.945],[-109.09,31.93]]]}"
LT05_034038_19990927,0.23287950833581325,"{""type"":""Polygon"",""coordinates"":[[[-109.09,31.93],[-109.07,31.93],[-109.07,31.945],[-109.09,31.945],[-109.09,31.93]]]}"
LT05_034038_19991013,0.1924326123829693,"{""type"":""Polygon"",""coordinates"":[[[-109.09,31.93],[-109.07,31.93],[-109.07,31.945],[-109.09,31.945],[-109.09,31.93]]]}"
LT05_034038_19991029,0.17161033168436282,"{""type"":""Polygon"",""coordinates"":[[[-109.09,31.93],[-109.07,31.93],[-109.07,31.945],[-109.09,31.945],[-109.09,31.93]]]}"
LT05_034038_19991114,0.1538167030369769,"{""type"":""Polygon"",""coordinates"":[[[-109.09,31.93],[-109.07,31.93],[-109.07,31.945],[-109.09,31.945],[-109.09,31.93]]]}"
LT05_034038_19991130,0.10108116422299836,"{""type"":""Polygon"",""coordinates"":[[[-109.09,31.93],[-109.07,31.93],[-109.07,31.945],[-109.09,31.945],[-109.09,31.93]]]}"
LT05_034038_20000202,0.12212132945180657,"{""type"":""Polygon"",""coordinates"":[[[-109.09,31.93],[-109.07,31.93],[-109.07,31.945],[-109.09,31.945],[-109.09,31.93]]]}"
LT05_034038_20000218,0.11820231740352048,"{""type"":""Polygon"",""coordinates"":[[[-109.09,31.93],[-109.07,31.93],[-109.07,31.945],[-109.09,31.945],[-109.09,31.93]]]}"
LT05_034038_20000305,0.11889951554030982,"{""type"":""Polygon"",""coordinates"":[[[-109.09,31.93],[-109.07,31.93],[-109.07,31.945],[-109.09,31.945],[-109.09,31.93]]]}"
LT05_034038_20000321,0.07953745292580766,"{""type"":""Polygon"",""coordinates"":[[[-109.09,31.93],[-109.07,31.93],[-109.07,31.945],[-109.09,31.945],[-109.09,31.93]]]}"
LT05_034038_20000422,0.10289368707079928,"{""type"":""Polygon"",""coordinates"":[[[-109.09,31.93],[-109.07,31.93],[-109.07,31.945],[-109.09,31.945],[-109.09,31.93]]]}"
LT05_034038_20000508,0.09944118642242458,"{""type"":""Polygon"",""coordinates"":[[[-109.09,31.93],[-109.07,31.93],[-109.07,31.945],[-109.09,31.945],[-109.09,31.93]]]}"
LT05_034038_20000524,0.1040674099447825,"{""type"":""Polygon"",""coordinates"":[[[-109.09,31.93],[-109.07,31.93],[-109.07,31.945],[-109.09,31.945],[-109.09,31.93]]]}"
LT05_034038_20000609,0.11325964135945275,"{""type"":""Polygon"",""coordinates"":[[[-109.09,31.93],[-109.07,31.93],[-109.07,31.945],[-109.09,31.945],[-109.09,31.93]]]}"
LT05_034038_20000625,0.10371200008970997,"{""type"":""Polygon"",""coordinates"":[[[-109.09,31.93],[-109.07,31.93],[-109.07,31.945],[-109.09,31.945],[-109.09,31.93]]]}"
LT05_034038_20000711,0.162527268592858,"{""type"":""Polygon"",""coordinates"":[[[-109.09,31.93],[-109.07,31.93],[-109.07,31.945],[-109.09,31.945],[-109.09,31.93]]]}"
LT05_034038_20000812,0.15220162561842207,"{""type"":""Polygon"",""coordinates"":[[[-109.09,31.93],[-109.07,31.93],[-109.07,31.945],[-109.09,31.945],[-109.09,31.93]]]}"
LT05_034038_20000828,0.08759185985597297,"{""type"":""Polygon"",""coordinates"":[[[-109.09,31.93],[-109.07,31.93],[-109.07,31.945],[-109.09,31.945],[-109.09,31.93]]]}"
LT05_034038_20000913,0.13634954048192469,"{""type"":""Polygon"",""coordinates"":[[[-109.09,31.93],[-109.07,31.93],[-109.07,31.945],[-109.09,31.945],[-109.09,31.93]]]}"
LT05_034038_20000929,0.0930895267227086,"{""type"":""Polygon"",""coordinates"":[[[-109.09,31.93],[-109.07,31.93],[-109.07,31.945],[-109.09,31.945],[-109.09,31.93]]]}"
LT05_034038_20001015,0.1303756108357472,"{""type"":""Polygon"",""coordinates"":[[[-109.09,31.93],[-109.07,31.93],[-109.07,31.945],[-109.09,31.945],[-109.09,31.93]]]}"
LT05_034038_20001031,,"{""type"":""Polygon"",""coordinates"":[[[-109.09,31.93],[-109.07,31.93],[-109.07,31.945],[-109.09,31.945],[-109.09,31.93]]]}"
LT05_034038_20001116,0.15599623365150375,"{""type"":""Polygon"",""coordinates"":[[[-109.09,31.93],[-109.07,31.93],[-109.07,31.945],[-109.09,31.945],[-109.09,31.93]]]}"
LT05_034038_20010103,,"{""type"":""Polygon"",""coordinates"":[[[-109.09,31.93],[-109.07,31.93],[-109.07,31.945],[-109.09,31.945],[-109.09,31.93]]]}"
LT05_034038_20010119,0.27622278276428036,"{""type"":""Polygon"",""coordinates"":[[[-109.09,31.93],[-109.07,31.93],[-109.07,31.945],[-109.09,31.945],[-109.09,31.93]]]}"
LT05_034038_20010204,0.30254726697762513,"{""type"":""Polygon"",""coordinates"":[[[-109.09,31.93],[-109.07,31.93],[-109.07,31.945],[-109.09,31.945],[-109.09,31.93]]]}"
LT05_034038_20010220,0.33349491522691566,"{""type"":""Polygon"",""coordinates"":[[[-109.09,31.93],[-109.07,31.93],[-109.07,31.945],[-109.09,31.945],[-109.09,31.93]]]}"
LT05_034038_20010308,,"{""type"":""Polygon"",""coordinates"":[[[-109.09,31.93],[-109.07,31.93],[-109.07,31.945],[-109.09,31.945],[-109.09,31.93]]]}"
LT05_034038_20010324,0.2683327549591226,"{""type"":""Polygon"",""coordinates"":[[[-109.09,31.93],[-109.07,31.93],[-109.07,31.945],[-109.09,31.945],[-109.09,31.93]]]}"
LT05_034038_20010409,0.2228090857311979,"{""type"":""Polygon"",""coordinates"":[[[-109.09,31.93],[-109.07,31.93],[-109.07,31.945],[-109.09,31.945],[-109.09,31.93]]]}"
LT05_034038_20010425,0.18435496547729188,"{""type"":""Polygon"",""coordinates"":[[[-109.09,31.93],[-109.07,31.93],[-109.07,31.945],[-109.09,31.945],[-109.09,31.93]]]}"
LT05_034038_20010511,0.1617514606975219,"{""type"":""Polygon"",""coordinates"":[[[-109.09,31.93],[-109.07,31.93],[-109.07,31.945],[-109.09,31.945],[-109.09,31.93]]]}"
LT05_034038_20010527,0.1562997511684987,"{""type"":""Polygon"",""coordinates"":[[[-109.09,31.93],[-109.07,31.93],[-109.07,31.945],[-109.09,31.945],[-109.09,31.93]]]}"
LT05_034038_20010612,0.15717419592282608,"{""type"":""Polygon"",""coordinates"":[[[-109.09,31.93],[-109.07,31.93],[-109.07,31.945],[-109.09,31.945],[-109.09,31.93]]]}"
LT05_034038_20010628,0.16370304573226804,"{""type"":""Polygon"",""coordinates"":[[[-109.09,31.93],[-109.07,31.93],[-109.07,31.945],[-109.09,31.945],[-109.09,31.93]]]}"
LT05_034038_20010714,0.15899974029965677,"{""type"":""Polygon"",""coordinates"":[[[-109.09,31.93],[-109.07,31.93],[-109.07,31.945],[-109.09,31.945],[-109.09,31.93]]]}"
LT05_034038_20010730,0.17848929875343972,"{""type"":""Polygon"",""coordinates"":[[[-109.09,31.93],[-109.07,31.93],[-109.07,31.945],[-109.09,31.945],[-109.09,31.93]]]}"
LT05_034038_20010815,0.16496437500672337,"{""type"":""Polygon"",""coordinates"":[[[-109.09,31.93],[-109.07,31.93],[-109.07,31.945],[-109.09,31.945],[-109.09,31.93]]]}"
LT05_034038_20010831,0.21843832571407887,"{""type"":""Polygon"",""coordinates"":[[[-109.09,31.93],[-109.07,31.93],[-109.07,31.945],[-109.09,31.945],[-109.09,31.93]]]}"
LT05_034038_20010916,0.2066600637063872,"{""type"":""Polygon"",""coordinates"":[[[-109.09,31.93],[-109.07,31.93],[-109.07,31.945],[-109.09,31.945],[-109.09,31.93]]]}"
LT05_034038_20011002,0.17906819458179069,"{""type"":""Polygon"",""coordinates"":[[[-109.09,31.93],[-109.07,31.93],[-109.07,31.945],[-109.09,31.945],[-109.09,31.93]]]}"
LT05_034038_20011018,0.14100843426417303,"{""type"":""Polygon"",""coordinates"":[[[-109.09,31.93],[-109.07,31.93],[-109.07,31.945],[-109.09,31.945],[-109.09,31.93]]]}"
LT05_034038_20011103,0.14842467789805655,"{""type"":""Polygon"",""coordinates"":[[[-109.09,31.93],[-109.07,31.93],[-109.07,31.945],[-109.09,31.945],[-109.09,31.93]]]}"
LT05_034038_20011119,0.1334331436506626,"{""type"":""Polygon"",""coordinates"":[[[-109.09,31.93],[-109.07,31.93],[-109.07,31.945],[-109.09,31.945],[-109.09,31.93]]]}"
LT05_034038_20011205,0.1421492931148984,"{""type"":""Polygon"",""coordinates"":[[[-109.09,31.93],[-109.07,31.93],[-109.07,31.945],[-109.09,31.945],[-109.09,31.93]]]}"
LT05_034038_20011221,0.13635168660811864,"{""type"":""Polygon"",""coordinates"":[[[-109.09,31.93],[-109.07,31.93],[-109.07,31.945],[-109.09,31.945],[-109.09,31.93]]]}"
LT05_034038_20020106,0.12694965061631433,"{""type"":""Polygon"",""coordinates"":[[[-109.09,31.93],[-109.07,31.93],[-109.07,31.945],[-109.09,31.945],[-109.09,31.93]]]}"
LT05_034038_20020122,0.1256162886725397,"{""type"":""Polygon"",""coordinates"":[[[-109.09,31.93],[-109.07,31.93],[-109.07,31.945],[-109.09,31.945],[-109.09,31.93]]]}"
LT05_034038_20020207,0.12091485847065112,"{""type"":""Polygon"",""coordinates"":[[[-109.09,31.93],[-109.07,31.93],[-109.07,31.945],[-109.09,31.945],[-109.09,31.93]]]}"
LT05_034038_20020223,0.12868837650671497,"{""type"":""Polygon"",""coordinates"":[[[-109.09,31.93],[-109.07,31.93],[-109.07,31.945],[-109.09,31.945],[-109.09,31.93]]]}"
LT05_034038_20020514,0.10841209449395542,"{""type"":""Polygon"",""coordinates"":[[[-109.09,31.93],[-109.07,31.93],[-109.07,31.945],[-109.09,31.945],[-109.09,31.93]]]}"
LT05_034038_20020615,0.10636796114854002,"{""type"":""Polygon"",""coordinates"":[[[-109.09,31.93],[-109.07,31.93],[-109.07,31.945],[-109.09,31.945],[-109.09,31.93]]]}"
LT05_034038_20020701,0.11586522083757174,"{""type"":""Polygon"",""coordinates"":[[[-109.09,31.93],[-109.07,31.93],[-109.07,31.945],[-109.09,31.945],[-109.09,31.93]]]}"
LT05_034038_20020717,0.09016579495402405,"{""type"":""Polygon"",""coordinates"":[[[-109.09,31.93],[-109.07,31.93],[-109.07,31.945],[-109.09,31.945],[-109.09,31.93]]]}"
LT05_034038_20020802,,"{""type"":""Polygon"",""coordinates"":[[[-109.09,31.93],[-109.07,31.93],[-109.07,31.945],[-109.09,31.945],[-109.09,31.93]]]}"
LT05_034038_20020818,0.3393007400356834,"{""type"":""Polygon"",""coordinates"":[[[-109.09,31.93],[-109.07,31.93],[-109.07,31.945],[-109.09,31.945],[-109.09,31.93]]]}"
LT05_034038_20020903,,"{""type"":""Polygon"",""coordinates"":[[[-109.09,31.93],[-109.07,31.93],[-109.07,31.945],[-109.09,31.945],[-109.09,31.93]]]}"
LT05_034038_20020919,0.2625639951466711,"{""type"":""Polygon"",""coordinates"":[[[-109.09,31.93],[-109.07,31.93],[-109.07,31.945],[-109.09,31.945],[-109.09,31.93]]]}"
LT05_034038_20021005,0.2044836273900643,"{""type"":""Polygon"",""coordinates"":[[[-109.09,31.93],[-109.07,31.93],[-109.07,31.945],[-109.09,31.945],[-109.09,31.93]]]}"
LT05_034038_20021021,0.1957389387972653,"{""type"":""Polygon"",""coordinates"":[[[-109.09,31.93],[-109.07,31.93],[-109.07,31.945],[-109.09,31.945],[-109.09,31.93]]]}"
LT05_034038_20021106,0.1687681483161588,"{""type"":""Polygon"",""coordinates"":[[[-109.09,31.93],[-109.07,31.93],[-109.07,31.945],[-109.09,31.945],[-109.09,31.93]]]}"
LT05_034038_20021122,0.14860382017269236,"{""type"":""Polygon"",""coordinates"":[[[-109.09,31.93],[-109.07,31.93],[-109.07,31.945],[-109.09,31.945],[-109.09,31.93]]]}"
LT05_034038_20021208,0.13880249691573293,"{""type"":""Polygon"",""coordinates"":[[[-109.09,31.93],[-109.07,31.93],[-109.07,31.945],[-109.09,31.945],[-109.09,31.93]]]}"
LT05_034038_20021224,0.13791551437387037,"{""type"":""Polygon"",""coordinates"":[[[-109.09,31.93],[-109.07,31.93],[-109.07,31.945],[-109.09,31.945],[-109.09,31.93]]]}"
LT05_034038_20030109,0.10260801602473126,"{""type"":""Polygon"",""coordinates"":[[[-109.09,31.93],[-109.07,31.93],[-109.07,31.945],[-109.09,31.945],[-109.09,31.93]]]}"
LT05_034038_20030125,0.11625148792627722,"{""type"":""Polygon"",""coordinates"":[[[-109.09,31.93],[-109.07,31.93],[-109.07,31.945],[-109.09,31.945],[-109.09,31.93]]]}"
LT05_034038_20030210,0.13158007816177109,"{""type"":""Polygon"",""coordinates"":[[[-109.09,31.93],[-109.07,31.93],[-109.07,31.945],[-109.09,31.945],[-109.09,31.93]]]}"
LT05_034038_20030226,0.141984914173923,"{""type"":""Polygon"",""coordinates"":[[[-109.09,31.93],[-109.07,31.93],[-109.07,31.945],[-109.09,31.945],[-109.09,31.93]]]}"
LT05_034038_20030314,,"{""type"":""Polygon"",""coordinates"":[[[-109.09,31.93],[-109.07,31.93],[-109.07,31.945],[-109.09,31.945],[-109.09,31.93]]]}"
LT05_034038_20030330,0.11947378565935997,"{""type"":""Polygon"",""coordinates"":[[[-109.09,31.93],[-109.07,31.93],[-109.07,31.945],[-109.09,31.945],[-109.09,31.93]]]}"
LT05_034038_20030415,0.07959737400817012,"{""type"":""Polygon"",""coordinates"":[[[-109.09,31.93],[-109.07,31.93],[-109.07,31.945],[-109.09,31.945],[-109.09,31.93]]]}"
LT05_034038_20030501,0.11711304635225718,"{""type"":""Polygon"",""coordinates"":[[[-109.09,31.93],[-109.07,31.93],[-109.07,31.945],[-109.09,31.945],[-109.09,31.93]]]}"
LT05_034038_20030517,0.11710826587903204,"{""type"":""Polygon"",""coordinates"":[[[-109.09,31.93],[-109.07,31.93],[-109.07,31.945],[-109.09,31.945],[-109.09,31.93]]]}"
LT05_034038_20030602,0.10564196605780125,"{""type"":""Polygon"",""coordinates"":[[[-109.09,31.93],[-109.07,31.93],[-109.07,31.945],[-109.09,31.945],[-109.09,31.93]]]}"
LT05_034038_20030618,0.10442538198901526,"{""type"":""Polygon"",""coordinates"":[[[-109.09,31.93],[-109.07,31.93],[-109.07,31.945],[-109.09,31.945],[-109.09,31.93]]]}"
LT05_034038_20030704,0.11106915300083846,"{""type"":""Polygon"",""coordinates"":[[[-109.09,31.93],[-109.07,31.93],[-109.07,31.945],[-109.09,31.945],[-109.09,31.93]]]}"
LT05_034038_20030720,0.10774412789916177,"{""type"":""Polygon"",""coordinates"":[[[-109.09,31.93],[-109.07,31.93],[-109.07,31.945],[-109.09,31.945],[-109.09,31.93]]]}"
LT05_034038_20030805,0.11977128756134246,"{""type"":""Polygon"",""coordinates"":[[[-109.09,31.93],[-109.07,31.93],[-109.07,31.945],[-109.09,31.945],[-109.09,31.93]]]}"
LT05_034038_20030821,0.12410278374747949,"{""type"":""Polygon"",""coordinates"":[[[-109.09,31.93],[-109.07,31.93],[-109.07,31.945],[-109.09,31.945],[-109.09,31.93]]]}"
LT05_034038_20030906,0.11581463559655265,"{""type"":""Polygon"",""coordinates"":[[[-109.09,31.93],[-109.07,31.93],[-109.07,31.945],[-109.09,31.945],[-109.09,31.93]]]}"
LT05_034038_20030922,,"{""type"":""Polygon"",""coordinates"":[[[-109.09,31.93],[-109.07,31.93],[-109.07,31.945],[-109.09,31.945],[-109.09,31.93]]]}"
LT05_034038_20031008,0.08389662344710325,"{""type"":""Polygon"",""coordinates"":[[[-109.09,31.93],[-109.07,31.93],[-109.07,31.945],[-109.09,31.945],[-109.09,31.93]]]}"
LT05_034038_20031024,0.11492520017857356,"{""type"":""Polygon"",""coordinates"":[[[-109.09,31.93],[-109.07,31.93],[-109.07,31.945],[-109.09,31.945],[-109.09,31.93]]]}"
LT05_034038_20031109,0.11446333070434654,"{""type"":""Polygon"",""coordinates"":[[[-109.09,31.93],[-109.07,31.93],[-109.07,31.945],[-109.09,31.945],[-109.09,31.93]]]}"
LT05_034038_20031125,,"{""type"":""Polygon"",""coordinates"":[[[-109.09,31.93],[-109.07,31.93],[-109.07,31.945],[-109.09,31.945],[-109.09,31.93]]]}"
LT05_034038_20031211,0.10979665973754255,"{""type"":""Polygon"",""coordinates"":[[[-109.09,31.93],[-109.07,31.93],[-109.07,31.945],[-109.09,31.945],[-109.09,31.93]]]}"
LT05_034038_20031227,0.1107718803745663,"{""type"":""Polygon"",""coordinates"":[[[-109.09,31.93],[-109.07,31.93],[-109.07,31.945],[-109.09,31.945],[-109.09,31.93]]]}"
LT05_034038_20040112,0.11921425529524107,"{""type"":""Polygon"",""coordinates"":[[[-109.09,31.93],[-109.07,31.93],[-109.07,31.945],[-109.09,31.945],[-109.09,31.93]]]}"
LT05_034038_20040128,0.14012367179721416,"{""type"":""Polygon"",""coordinates"":[[[-109.09,31.93],[-109.07,31.93],[-109.07,31.945],[-109.09,31.945],[-109.09,31.93]]]}"
LT05_034038_20040213,0.15885724150033945,"{""type"":""Polygon"",""coordinates"":[[[-109.09,31.93],[-109.07,31.93],[-109.07,31.945],[-109.09,31.945],[-109.09,31.93]]]}"
LT05_034038_20040229,,"{""type"":""Polygon"",""coordinates"":[[[-109.09,31.93],[-109.07,31.93],[-109.07,31.945],[-109.09,31.945],[-109.09,31.93]]]}"
LT05_034038_20040316,0.23616408784827864,"{""type"":""Polygon"",""coordinates"":[[[-109.09,31.93],[-109.07,31.93],[-109.07,31.945],[-109.09,31.945],[-109.09,31.93]]]}"
LT05_034038_20040401,,"{""type"":""Polygon"",""coordinates"":[[[-109.09,31.93],[-109.07,31.93],[-109.07,31.945],[-109.09,31.945],[-109.09,31.93]]]}"
LT05_034038_20040417,,"{""type"":""Polygon"",""coordinates"":[[[-109.09,31.93],[-109.07,31.93],[-109.07,31.945],[-109.09,31.945],[-109.09,31.93]]]}"
LT05_034038_20040503,0.1317126438980885,"{""type"":""Polygon"",""coordinates"":[[[-109.09,31.93],[-109.07,31.93],[-109.07,31.945],[-109.09,31.945],[-109.09,31.93]]]}"
LT05_034038_20040519,0.12746499091905533,"{""type"":""Polygon"",""coordinates"":[[[-109.09,31.93],[-109.07,31.93],[-109.07,31.945],[-109.09,31.945],[-109.09,31.93]]]}"
LT05_034038_20040604,0.11894902192811337,"{""type"":""Polygon"",""coordinates"":[[[-109.09,31.93],[-109.07,31.93],[-109.07,31.945],[-109.09,31.945],[-109.09,31.93]]]}"
LT05_034038_20040620,0.12446111262106131,"{""type"":""Polygon"",""coordinates"":[[[-109.09,31.93],[-109.07,31.93],[-109.07,31.945],[-109.09,31.945],[-109.09,31.93]]]}"
LT05_034038_20040706,0.1225001294682831,"{""type"":""Polygon"",""coordinates"":[[[-109.09,31.93],[-109.07,31.93],[-109.07,31.945],[-109.09,31.945],[-109.09,31.93]]]}"
LT05_034038_20040722,,"{""type"":""Polygon"",""coordinates"":[[[-109.09,31.93],[-109.07,31.93],[-109.07,31.945],[-109.09,31.945],[-109.09,31.93]]]}"
LT05_034038_20040807,,"{""type"":""Polygon"",""coordinates"":[[[-109.09,31.93],[-109.07,31.93],[-109.07,31.945],[-109.09,31.945],[-109.09,31.93]]]}"
LT05_034038_20040823,0.23630673327808854,"{""type"":""Polygon"",""coordinates"":[[[-109.09,31.93],[-109.07,31.93],[-109.07,31.945],[-109.09,31.945],[-109.09,31.93]]]}"
LT05_034038_20040908,0.2344554625084392,"{""type"":""Polygon"",""coordinates"":[[[-109.09,31.93],[-109.07,31.93],[-109.07,31.945],[-109.09,31.945],[-109.09,31.93]]]}"
LT05_034038_20040924,0.21035225069837007,"{""type"":""Polygon"",""coordinates"":[[[-109.09,31.93],[-109.07,31.93],[-109.07,31.945],[-109.09,31.945],[-109.09,31.93]]]}"
LT05_034038_20041010,0.18225660586700634,"{""type"":""Polygon"",""coordinates"":[[[-109.09,31.93],[-109.07,31.93],[-109.07,31.945],[-109.09,31.945],[-109.09,31.93]]]}"
LT05_034038_20041026,0.13561694619262493,"{""type"":""Polygon"",""coordinates"":[[[-109.09,31.93],[-109.07,31.93],[-109.07,31.945],[-109.09,31.945],[-109.09,31.93]]]}"
LT05_034038_20041111,0.14255976482861984,"{""type"":""Polygon"",""coordinates"":[[[-109.09,31.93],[-109.07,31.93],[-109.07,31.945],[-109.09,31.945],[-109.09,31.93]]]}"
LT05_034038_20041127,0.14993929095464417,"{""type"":""Polygon"",""coordinates"":[[[-109.09,31.93],[-109.07,31.93],[-109.07,31.945],[-109.09,31.945],[-109.09,31.93]]]}"
LT05_034038_20041213,0.1507109373101436,"{""type"":""Polygon"",""coordinates"":[[[-109.09,31.93],[-109.07,31.93],[-109.07,31.945],[-109.09,31.945],[-109.09,31.93]]]}"
LT05_034038_20041229,,"{""type"":""Polygon"",""coordinates"":[[[-109.09,31.93],[-109.07,31.93],[-109.07,31.945],[-109.09,31.945],[-109.09,31.93]]]}"
LT05_034038_20050114,0.050456125153413495,"{""type"":""Polygon"",""coordinates"":[[[-109.09,31.93],[-109.07,31.93],[-109.07,31.945],[-109.09,31.945],[-109.09,31.93]]]}"
LT05_034038_20050130,0.20861160461857123,"{""type"":""Polygon"",""coordinates"":[[[-109.09,31.93],[-109.07,31.93],[-109.07,31.945],[-109.09,31.945],[-109.09,31.93]]]}"
LT05_034038_20050215,,"{""type"":""Polygon"",""coordinates"":[[[-109.09,31.93],[-109.07,31.93],[-109.07,31.945],[-109.09,31.945],[-109.09,31.93]]]}"
LT05_034038_20050303,0.290225746187656,"{""type"":""Polygon"",""coordinates"":[[[-109.09,31.93],[-109.07,31.93],[-109.07,31.945],[-109.09,31.945],[-109.09,31.93]]]}"
LT05_034038_20050404,0.2109556920860794,"{""type"":""Polygon"",""coordinates"":[[[-109.09,31.93],[-109.07,31.93],[-109.07,31.945],[-109.09,31.945],[-109.09,31.93]]]}"
LT05_034038_20050420,0.16670852065587596,"{""type"":""Polygon"",""coordinates"":[[[-109.09,31.93],[-109.07,31.93],[-109.07,31.945],[-109.09,31.945],[-109.09,31.93]]]}"
LT05_034038_20050506,0.1554527752656003,"{""type"":""Polygon"",""coordinates"":[[[-109.09,31.93],[-109.07,31.93],[-109.07,31.945],[-109.09,31.945],[-109.09,31.93]]]}"
LT05_034038_20050522,0.14966691523270126,"{""type"":""Polygon"",""coordinates"":[[[-109.09,31.93],[-109.07,31.93],[-109.07,31.945],[-109.09,31.945],[-109.09,31.93]]]}"
LT05_034038_20050607,0.1410817309347946,"{""type"":""Polygon"",""coordinates"":[[[-109.09,31.93],[-109.07,31.93],[-109.07,31.945],[-109.09,31.945],[-109.09,31.93]]]}"
LT05_034038_20050623,0.1400293269029631,"{""type"":""Polygon"",""coordinates"":[[[-109.09,31.93],[-109.07,31.93],[-109.07,31.945],[-109.09,31.945],[-109.09,31.93]]]}"
LT05_034038_20050709,0.14172117480000246,"{""type"":""Polygon"",""coordinates"":[[[-109.09,31.93],[-109.07,31.93],[-109.07,31.945],[-109.09,31.945],[-109.09,31.93]]]}"
LT05_034038_20050725,0.15460340481978763,"{""type"":""Polygon"",""coordinates"":[[[-109.09,31.93],[-109.07,31.93],[-109.07,31.945],[-109.09,31.945],[-109.09,31.93]]]}"
LT05_034038_20050810,,"{""type"":""Polygon"",""coordinates"":[[[-109.09,31.93],[-109.07,31.93],[-109.07,31.945],[-109.09,31.945],[-109.09,31.93]]]}"
LT05_034038_20050826,0.19614005507042626,"{""type"":""Polygon"",""coordinates"":[[[-109.09,31.93],[-109.07,31.93],[-109.07,31.945],[-109.09,31.945],[-109.09,31.93]]]}"
LT05_034038_20050911,0.22896130799856548,"{""type"":""Polygon"",""coordinates"":[[[-109.09,31.93],[-109.07,31.93],[-109.07,31.945],[-109.09,31.945],[-109.09,31.93]]]}"
LT05_034038_20050927,0.1816536225898307,"{""type"":""Polygon"",""coordinates"":[[[-109.09,31.93],[-109.07,31.93],[-109.07,31.945],[-109.09,31.945],[-109.09,31.93]]]}"
LT05_034038_20051013,0.14549836387521323,"{""type"":""Polygon"",""coordinates"":[[[-109.09,31.93],[-109.07,31.93],[-109.07,31.945],[-109.09,31.945],[-109.09,31.93]]]}"
LT05_034038_20051029,0.1519420615092952,"{""type"":""Polygon"",""coordinates"":[[[-109.09,31.93],[-109.07,31.93],[-109.07,31.945],[-109.09,31.945],[-109.09,31.93]]]}"
LT05_034038_20051114,0.1332787736895439,"{""type"":""Polygon"",""coordinates"":[[[-109.09,31.93],[-109.07,31.93],[-109.07,31.945],[-109.09,31.945],[-109.09,31.93]]]}"
LT05_034038_20060117,0.10779647396342273,"{""type"":""Polygon"",""coordinates"":[[[-109.09,31.93],[-109.07,31.93],[-109.07,31.945],[-109.09,31.945],[-109.09,31.93]]]}"
LT05_034038_20060202,0.1109517359857006,"{""type"":""Polygon"",""coordinates"":[[[-109.09,31.93],[-109.07,31.93],[-109.07,31.945],[-109.09,31.945],[-109.09,31.93]]]}"
LT05_034038_20060218,0.09856094009763419,"{""type"":""Polygon"",""coordinates"":[[[-109.09,31.93],[-109.07,31.93],[-109.07,31.945],[-109.09,31.945],[-109.09,31.93]]]}"
LT05_034038_20060306,0.10420990672497824,"{""type"":""Polygon"",""coordinates"":[[[-109.09,31.93],[-109.07,31.93],[-109.07,31.945],[-109.09,31.945],[-109.09,31.93]]]}"
LT05_034038_20060407,,"{""type"":""Polygon"",""coordinates"":[[[-109.09,31.93],[-109.07,31.93],[-109.07,31.945],[-109.09,31.945],[-109.09,31.93]]]}"
LT05_034038_20060423,0.09833767050160427,"{""type"":""Polygon"",""coordinates"":[[[-109.09,31.93],[-109.07,31.93],[-109.07,31.945],[-109.09,31.945],[-109.09,31.93]]]}"
LT05_034038_20060509,0.09724522938285733,"{""type"":""Polygon"",""coordinates"":[[[-109.09,31.93],[-109.07,31.93],[-109.07,31.945],[-109.09,31.945],[-109.09,31.93]]]}"
LT05_034038_20060525,0.09465479839877651,"{""type"":""Polygon"",""coordinates"":[[[-109.09,31.93],[-109.07,31.93],[-109.07,31.945],[-109.09,31.945],[-109.09,31.93]]]}"
LT05_034038_20060610,0.11121837997860133,"{""type"":""Polygon"",""coordinates"":[[[-109.09,31.93],[-109.07,31.93],[-109.07,31.945],[-109.09,31.945],[-109.09,31.93]]]}"
LT05_034038_20060626,0.10499946750802194,"{""type"":""Polygon"",""coordinates"":[[[-109.09,31.93],[-109.07,31.93],[-109.07,31.945],[-109.09,31.945],[-109.09,31.93]]]}"
LT05_034038_20060712,0.11877759079367771,"{""type"":""Polygon"",""coordinates"":[[[-109.09,31.93],[-109.07,31.93],[-109.07,31.945],[-109.09,31.945],[-109.09,31.93]]]}"
LT05_034038_20060813,0.3265531425696052,"{""type"":""Polygon"",""coordinates"":[[[-109.09,31.93],[-109.07,31.93],[-109.07,31.945],[-109.09,31.945],[-109.09,31.93]]]}"
LT05_034038_20060829,,"{""type"":""Polygon"",""coordinates"":[[[-109.09,31.93],[-109.07,31.93],[-109.07,31.945],[-109.09,31.945],[-109.09,31.93]]]}"
LT05_034038_20060914,0.36174523925156593,"{""type"":""Polygon"",""coordinates"":[[[-109.09,31.93],[-109.07,31.93],[-109.07,31.945],[-109.09,31.945],[-109.09,31.93]]]}"
LT05_034038_20060930,0.34675821550909053,"{""type"":""Polygon"",""coordinates"":[[[-109.09,31.93],[-109.07,31.93],[-109.07,31.945],[-109.09,31.945],[-109.09,31.93]]]}"
LT05_034038_20061016,0.2773425912584042,"{""type"":""Polygon"",""coordinates"":[[[-109.09,31.93],[-109.07,31.93],[-109.07,31.945],[-109.09,31.945],[-109.09,31.93]]]}"
LT05_034038_20061101,0.2378683331739954,"{""type"":""Polygon"",""coordinates"":[[[-109.09,31.93],[-109.07,31.93],[-109.07,31.945],[-109.09,31.945],[-109.09,31.93]]]}"
LT05_034038_20061117,0.2082960242250457,"{""type"":""Polygon"",""coordinates"":[[[-109.09,31.93],[-109.07,31.93],[-109.07,31.945],[-109.09,31.945],[-109.09,31.93]]]}"
LT05_034038_20061203,0.16199083268864964,"{""type"":""Polygon"",""coordinates"":[[[-109.09,31.93],[-109.07,31.93],[-109.07,31.945],[-109.09,31.945],[-109.09,31.93]]]}"
LT05_034038_20061219,0.12288111297856753,"{""type"":""Polygon"",""coordinates"":[[[-109.09,31.93],[-109.07,31.93],[-109.07,31.945],[-109.09,31.945],[-109.09,31.93]]]}"
LT05_035038_19950110,,"{""type"":""Polygon"",""coordinates"":[[[-109.09,31.93],[-109.07,31.93],[-109.07,31.945],[-109.09,31.945],[-109.09,31.93]]]}"
LT05_035038_19950211,0.23345909843645174,"{""type"":""Polygon"",""coordinates"":[[[-109.09,31.93],[-109.07,31.93],[-109.07,31.945],[-109.09,31.945],[-109.09,31.93]]]}"
LT05_035038_19950227,0.27001011723548557,"{""type"":""Polygon"",""coordinates"":[[[-109.09,31.93],[-109.07,31.93],[-109.07,31.945],[-109.09,31.945],[-109.09,31.93]]]}"
LT05_035038_19950315,0.35439741325175284,"{""type"":""Polygon"",""coordinates"":[[[-109.09,31.93],[-109.07,31.93],[-109.07,31.945],[-109.09,31.945],[-109.09,31.93]]]}"
LT05_035038_19950331,0.3504583959064123,"{""type"":""Polygon"",""coordinates"":[[[-109.09,31.93],[-109.07,31.93],[-109.07,31.945],[-109.09,31.945],[-109.09,31.93]]]}"
LT05_035038_19950416,,"{""type"":""Polygon"",""coordinates"":[[[-109.09,31.93],[-109.07,31.93],[-109.07,31.945],[-109.09,31.945],[-109.09,31.93]]]}"
LT05_035038_19950502,0.20455622727249634,"{""type"":""Polygon"",""coordinates"":[[[-109.09,31.93],[-109.07,31.93],[-109.07,31.945],[-109.09,31.945],[-109.09,31.93]]]}"
LT05_035038_19950518,0.19711339848162557,"{""type"":""Polygon"",""coordinates"":[[[-109.09,31.93],[-109.07,31.93],[-109.07,31.945],[-109.09,31.945],[-109.09,31.93]]]}"
LT05_035038_19950603,0.18964701217016455,"{""type"":""Polygon"",""coordinates"":[[[-109.09,31.93],[-109.07,31.93],[-109.07,31.945],[-109.09,31.945],[-109.09,31.93]]]}"
LT05_035038_19950619,0.17695718963908907,"{""type"":""Polygon"",""coordinates"":[[[-109.09,31.93],[-109.07,31.93],[-109.07,31.945],[-109.09,31.945],[-109.09,31.93]]]}"
LT05_035038_19950705,0.18526694335730423,"{""type"":""Polygon"",""coordinates"":[[[-109.09,31.93],[-109.07,31.93],[-109.07,31.945],[-109.09,31.945],[-109.09,31.93]]]}"
LT05_035038_19950721,0.19220313803355057,"{""type"":""Polygon"",""coordinates"":[[[-109.09,31.93],[-109.07,31.93],[-109.07,31.945],[-109.09,31.945],[-109.09,31.93]]]}"
LT05_035038_19950806,0.1885240126254335,"{""type"":""Polygon"",""coordinates"":[[[-109.09,31.93],[-109.07,31.93],[-109.07,31.945],[-109.09,31.945],[-109.09,31.93]]]}"
LT05_035038_19950822,0.1595227660870629,"{""type"":""Polygon"",""coordinates"":[[[-109.09,31.93],[-109.07,31.93],[-109.07,31.945],[-109.09,31.945],[-109.09,31.93]]]}"
LT05_035038_19950907,0.17721699134859073,"{""type"":""Polygon"",""coordinates"":[[[-109.09,31.93],[-109.07,31.93],[-109.07,31.945],[-109.09,31.945],[-109.09,31.93]]]}"
LT05_035038_19950923,0.23065749780006056,"{""type"":""Polygon"",""coordinates"":[[[-109.09,31.93],[-109.07,31.93],[-109.07,31.945],[-109.09,31.945],[-109.09,31.93]]]}"
LT05_035038_19951009,0.238846407326762,"{""type"":""Polygon"",""coordinates"":[[[-109.09,31.93],[-109.07,31.93],[-109.07,31.945],[-109.09,31.945],[-109.09,31.93]]]}"
LT05_035038_19951025,0.21484546751474565,"{""type"":""Polygon"",""coordinates"":[[[-109.09,31.93],[-109.07,31.93],[-109.07,31.945],[-109.09,31.945],[-109.09,31.93]]]}"
LT05_035038_19951110,0.20429107655828196,"{""type"":""Polygon"",""coordinates"":[[[-109.09,31.93],[-109.07,31.93],[-109.07,31.945],[-109.09,31.945],[-109.09,31.93]]]}"
LT05_035038_19951126,,"{""type"":""Polygon"",""coordinates"":[[[-109.09,31.93],[-109.07,31.93],[-109.07,31.945],[-109.09,31.945],[-109.09,31.93]]]}"
LT05_035038_19951212,0.17600258128800814,"{""type"":""Polygon"",""coordinates"":[[[-109.09,31.93],[-109.07,31.93],[-109.07,31.945],[-109.09,31.945],[-109.09,31.93]]]}"
LT05_035038_19960113,0.15199442179958375,"{""type"":""Polygon"",""coordinates"":[[[-109.09,31.93],[-109.07,31.93],[-109.07,31.945],[-109.09,31.945],[-109.09,31.93]]]}"
LT05_035038_19960129,0.15223231804146453,"{""type"":""Polygon"",""coordinates"":[[[-109.09,31.93],[-109.07,31.93],[-109.07,31.945],[-109.09,31.945],[-109.09,31.93]]]}"
LT05_035038_19960214,0.14441086282776147,"{""type"":""Polygon"",""coordinates"":[[[-109.09,31.93],[-109.07,31.93],[-109.07,31.945],[-109.09,31.945],[-109.09,31.93]]]}"
LT05_035038_19960301,0.08862650726037102,"{""type"":""Polygon"",""coordinates"":[[[-109.09,31.93],[-109.07,31.93],[-109.07,31.945],[-109.09,31.945],[-109.09,31.93]]]}"
LT05_035038_19960317,0.13678343779124427,"{""type"":""Polygon"",""coordinates"":[[[-109.09,31.93],[-109.07,31.93],[-109.07,31.945],[-109.09,31.945],[-109.09,31.93]]]}"
LT05_035038_19960402,0.1304954454947486,"{""type"":""Polygon"",""coordinates"":[[[-109.09,31.93],[-109.07,31.93],[-109.07,31.945],[-109.09,31.945],[-109.09,31.93]]]}"
LT05_035038_19960418,0.13046142713467068,"{""type"":""Polygon"",""coordinates"":[[[-109.09,31.93],[-109.07,31.93],[-109.07,31.945],[-109.09,31.945],[-109.09,31.93]]]}"
LT05_035038_19960504,0.1259082773951348,"{""type"":""Polygon"",""coordinates"":[[[-109.09,31.93],[-109.07,31.93],[-109.07,31.945],[-109.09,31.945],[-109.09,31.93]]]}"
LT05_035038_19960520,0.12256887325091467,"{""type"":""Polygon"",""coordinates"":[[[-109.09,31.93],[-109.07,31.93],[-109.07,31.945],[-109.09,31.945],[-109.09,31.93]]]}"
LT05_035038_19960605,0.12788931426218575,"{""type"":""Polygon"",""coordinates"":[[[-109.09,31.93],[-109.07,31.93],[-109.07,31.945],[-109.09,31.945],[-109.09,31.93]]]}"
LT05_035038_19960621,,"{""type"":""Polygon"",""coordinates"":[[[-109.09,31.93],[-109.07,31.93],[-109.07,31.945],[-109.09,31.945],[-109.09,31.93]]]}"
LT05_035038_19960707,0.17393344237807584,"{""type"":""Polygon"",""coordinates"":[[[-109.09,31.93],[-109.07,31.93],[-109.07,31.945],[-109.09,31.945],[-109.09,31.93]]]}"
LT05_035038_19960723,0.22505558030141865,"{""type"":""Polygon"",""coordinates"":[[[-109.09,31.93],[-109.07,31.93],[-109.07,31.945],[-109.09,31.945],[-109.09,31.93]]]}"
LT05_035038_19960808,0.194664454047183,"{""type"":""Polygon"",""coordinates"":[[[-109.09,31.93],[-109.07,31.93],[-109.07,31.945],[-109.09,31.945],[-109.09,31.93]]]}"
LT05_035038_19960824,0.16935431718218408,"{""type"":""Polygon"",""coordinates"":[[[-109.09,31.93],[-109.07,31.93],[-109.07,31.945],[-109.09,31.945],[-109.09,31.93]]]}"
LT05_035038_19960925,0.20102232365011735,"{""type"":""Polygon"",""coordinates"":[[[-109.09,31.93],[-109.07,31.93],[-109.07,31.945],[-109.09,31.945],[-109.09,31.93]]]}"
LT05_035038_19961011,0.20275342312903422,"{""type"":""Polygon"",""coordinates"":[[[-109.09,31.93],[-109.07,31.93],[-109.07,31.945],[-109.09,31.945],[-109.09,31.93]]]}"
LT05_035038_19961112,0.14486031028706628,"{""type"":""Polygon"",""coordinates"":[[[-109.09,31.93],[-109.07,31.93],[-109.07,31.945],[-109.09,31.945],[-109.09,31.93]]]}"
LT05_035038_19961128,,"{""type"":""Polygon"",""coordinates"":[[[-109.09,31.93],[-109.07,31.93],[-109.07,31.945],[-109.09,31.945],[-109.09,31.93]]]}"
LT05_035038_19961214,0.16949452675669538,"{""type"":""Polygon"",""coordinates"":[[[-109.09,31.93],[-109.07,31.93],[-109.07,31.945],[-109.09,31.945],[-109.09,31.93]]]}"
LT05_035038_19961230,,"{""type"":""Polygon"",""coordinates"":[[[-109.09,31.93],[-109.07,31.93],[-109.07,31.945],[-109.09,31.945],[-109.09,31.93]]]}"
LT05_035038_19970115,0.16184378303321412,"{""type"":""Polygon"",""coordinates"":[[[-109.09,31.93],[-109.07,31.93],[-109.07,31.945],[-109.09,31.945],[-109.09,31.93]]]}"
LT05_035038_19970131,0.18557510929112406,"{""type"":""Polygon"",""coordinates"":[[[-109.09,31.93],[-109.07,31.93],[-109.07,31.945],[-109.09,31.945],[-109.09,31.93]]]}"
LT05_035038_19970216,0.08649035816348412,"{""type"":""Polygon"",""coordinates"":[[[-109.09,31.93],[-109.07,31.93],[-109.07,31.945],[-109.09,31.945],[-109.09,31.93]]]}"
LT05_035038_19970304,0.15460414055490374,"{""type"":""Polygon"",""coordinates"":[[[-109.09,31.93],[-109.07,31.93],[-109.07,31.945],[-109.09,31.945],[-109.09,31.93]]]}"
LT05_035038_19970320,0.2122770759960948,"{""type"":""Polygon"",""coordinates"":[[[-109.09,31.93],[-109.07,31.93],[-109.07,31.945],[-109.09,31.945],[-109.09,31.93]]]}"
LT05_035038_19970405,0.17778421718107562,"{""type"":""Polygon"",""coordinates"":[[[-109.09,31.93],[-109.07,31.93],[-109.07,31.945],[-109.09,31.945],[-109.09,31.93]]]}"
LT05_035038_19970421,0.16995970871728222,"{""type"":""Polygon"",""coordinates"":[[[-109.09,31.93],[-109.07,31.93],[-109.07,31.945],[-109.09,31.945],[-109.09,31.93]]]}"
LT05_035038_19970507,0.1433623282844694,"{""type"":""Polygon"",""coordinates"":[[[-109.09,31.93],[-109.07,31.93],[-109.07,31.945],[-109.09,31.945],[-109.09,31.93]]]}"
LT05_035038_19970523,0.15999695228495547,"{""type"":""Polygon"",""coordinates"":[[[-109.09,31.93],[-109.07,31.93],[-109.07,31.945],[-109.09,31.945],[-109.09,31.93]]]}"
LT05_035038_19970608,0.14180500125006057,"{""type"":""Polygon"",""coordinates"":[[[-109.09,31.93],[-109.07,31.93],[-109.07,31.945],[-109.09,31.945],[-109.09,31.93]]]}"
LT05_035038_19970624,0.14726236171799717,"{""type"":""Polygon"",""coordinates"":[[[-109.09,31.93],[-109.07,31.93],[-109.07,31.945],[-109.09,31.945],[-109.09,31.93]]]}"
LT05_035038_19970726,0.1328892842240024,"{""type"":""Polygon"",""coordinates"":[[[-109.09,31.93],[-109.07,31.93],[-109.07,31.945],[-109.09,31.945],[-109.09,31.93]]]}"
LT05_035038_19970827,0.18572558899902414,"{""type"":""Polygon"",""coordinates"":[[[-109.09,31.93],[-109.07,31.93],[-109.07,31.945],[-109.09,31.945],[-109.09,31.93]]]}"
LT05_035038_19970912,0.16105966295840649,"{""type"":""Polygon"",""coordinates"":[[[-109.09,31.93],[-109.07,31.93],[-109.07,31.945],[-109.09,31.945],[-109.09,31.93]]]}"
LT05_035038_19970928,0.16771115229396552,"{""type"":""Polygon"",""coordinates"":[[[-109.09,31.93],[-109.07,31.93],[-109.07,31.945],[-109.09,31.945],[-109.09,31.93]]]}"
LT05_035038_19971014,0.14467762336643236,"{""type"":""Polygon"",""coordinates"":[[[-109.09,31.93],[-109.07,31.93],[-109.07,31.945],[-109.09,31.945],[-109.09,31.93]]]}"
LT05_035038_19971201,0.09859392061916435,"{""type"":""Polygon"",""coordinates"":[[[-109.09,31.93],[-109.07,31.93],[-109.07,31.945],[-109.09,31.945],[-109.09,31.93]]]}"
LT05_035038_19971217,0.1299997419380176,"{""type"":""Polygon"",""coordinates"":[[[-109.09,31.93],[-109.07,31.93],[-109.07,31.945],[-109.09,31.945],[-109.09,31.93]]]}"
LT05_035038_19980102,0.13898155583970737,"{""type"":""Polygon"",""coordinates"":[[[-109.09,31.93],[-109.07,31.93],[-109.07,31.945],[-109.09,31.945],[-109.09,31.93]]]}"
LT05_035038_19980118,0.11498115789743897,"{""type"":""Polygon"",""coordinates"":[[[-109.09,31.93],[-109.07,31.93],[-109.07,31.945],[-109.09,31.945],[-109.09,31.93]]]}"
LT05_035038_19980203,0.15389219827461517,"{""type"":""Polygon"",""coordinates"":[[[-109.09,31.93],[-109.07,31.93],[-109.07,31.945],[-109.09,31.945],[-109.09,31.93]]]}"
LT05_035038_19980219,0.1986914426726199,"{""type"":""Polygon"",""coordinates"":[[[-109.09,31.93],[-109.07,31.93],[-109.07,31.945],[-109.09,31.945],[-109.09,31.93]]]}"
LT05_035038_19980307,,"{""type"":""Polygon"",""coordinates"":[[[-109.09,31.93],[-109.07,31.93],[-109.07,31.945],[-109.09,31.945],[-109.09,31.93]]]}"
LT05_035038_19980323,0.15463545003864607,"{""type"":""Polygon"",""coordinates"":[[[-109.09,31.93],[-109.07,31.93],[-109.07,31.945],[-109.09,31.945],[-109.09,31.93]]]}"
LT05_035038_19980408,0.1933369740184893,"{""type"":""Polygon"",""coordinates"":[[[-109.09,31.93],[-109.07,31.93],[-109.07,31.945],[-109.09,31.945],[-109.09,31.93]]]}"
LT05_035038_19980424,0.17148045910042006,"{""type"":""Polygon"",""coordinates"":[[[-109.09,31.93],[-109.07,31.93],[-109.07,31.945],[-109.09,31.945],[-109.09,31.93]]]}"
LT05_035038_19980510,0.15078080590272702,"{""type"":""Polygon"",""coordinates"":[[[-109.09,31.93],[-109.07,31.93],[-109.07,31.945],[-109.09,31.945],[-109.09,31.93]]]}"
LT05_035038_19980526,0.1486124429479572,"{""type"":""Polygon"",""coordinates"":[[[-109.09,31.93],[-109.07,31.93],[-109.07,31.945],[-109.09,31.945],[-109.09,31.93]]]}"
LT05_035038_19980611,0.1516400205475709,"{""type"":""Polygon"",""coordinates"":[[[-109.09,31.93],[-109.07,31.93],[-109.07,31.945],[-109.09,31.945],[-109.09,31.93]]]}"
LT05_035038_19980627,0.1398290488922715,"{""type"":""Polygon"",""coordinates"":[[[-109.09,31.93],[-109.07,31.93],[-109.07,31.945],[-109.09,31.945],[-109.09,31.93]]]}"
LT05_035038_19980713,0.1625931913586907,"{""type"":""Polygon"",""coordinates"":[[[-109.09,31.93],[-109.07,31.93],[-109.07,31.945],[-109.09,31.945],[-109.09,31.93]]]}"
LT05_035038_19980729,0.18645748228228132,"{""type"":""Polygon"",""coordinates"":[[[-109.09,31.93],[-109.07,31.93],[-109.07,31.945],[-109.09,31.945],[-109.09,31.93]]]}"
LT05_035038_19980814,0.17828327945834085,"{""type"":""Polygon"",""coordinates"":[[[-109.09,31.93],[-109.07,31.93],[-109.07,31.945],[-109.09,31.945],[-109.09,31.93]]]}"
LT05_035038_19980830,0.19156693573226694,"{""type"":""Polygon"",""coordinates"":[[[-109.09,31.93],[-109.07,31.93],[-109.07,31.945],[-109.09,31.945],[-109.09,31.93]]]}"
LT05_035038_19981001,0.13282346469824335,"{""type"":""Polygon"",""coordinates"":[[[-109.09,31.93],[-109.07,31.93],[-109.07,31.945],[-109.09,31.945],[-109.09,31.93]]]}"
LT05_035038_19981102,0.1494498160593432,"{""type"":""Polygon"",""coordinates"":[[[-109.09,31.93],[-109.07,31.93],[-109.07,31.945],[-109.09,31.945],[-109.09,31.93]]]}"
LT05_035038_19981118,0.17181512637648683,"{""type"":""Polygon"",""coordinates"":[[[-109.09,31.93],[-109.07,31.93],[-109.07,31.945],[-109.09,31.945],[-109.09,31.93]]]}"
LT05_035038_19981204,0.21323864925981362,"{""type"":""Polygon"",""coordinates"":[[[-109.09,31.93],[-109.07,31.93],[-109.07,31.945],[-109.09,31.945],[-109.09,31.93]]]}"
LT05_035038_19981220,0.22154447302008526,"{""type"":""Polygon"",""coordinates"":[[[-109.09,31.93],[-109.07,31.93],[-109.07,31.945],[-109.09,31.945],[-109.09,31.93]]]}"
LT05_035038_19990105,0.19334161116750395,"{""type"":""Polygon"",""coordinates"":[[[-109.09,31.93],[-109.07,31.93],[-109.07,31.945],[-109.09,31.945],[-109.09,31.93]]]}"
LT05_035038_19990121,0.16564469677298252,"{""type"":""Polygon"",""coordinates"":[[[-109.09,31.93],[-109.07,31.93],[-109.07,31.945],[-109.09,31.945],[-109.09,31.93]]]}"
LT05_035038_19990206,0.15439021148518017,"{""type"":""Polygon"",""coordinates"":[[[-109.09,31.93],[-109.07,31.93],[-109.07,31.945],[-109.09,31.945],[-109.09,31.93]]]}"
LT05_035038_19990222,0.10629577986292284,"{""type"":""Polygon"",""coordinates"":[[[-109.09,31.93],[-109.07,31.93],[-109.07,31.945],[-109.09,31.945],[-109.09,31.93]]]}"
LT05_035038_19990310,0.1007258668886863,"{""type"":""Polygon"",""coordinates"":[[[-109.09,31.93],[-109.07,31.93],[-109.07,31.945],[-109.09,31.945],[-109.09,31.93]]]}"
LT05_035038_19990326,,"{""type"":""Polygon"",""coordinates"":[[[-109.09,31.93],[-109.07,31.93],[-109.07,31.945],[-109.09,31.945],[-109.09,31.93]]]}"
LT05_035038_19990411,,"{""type"":""Polygon"",""coordinates"":[[[-109.09,31.93],[-109.07,31.93],[-109.07,31.945],[-109.09,31.945],[-109.09,31.93]]]}"
LT05_035038_19990427,0.1088990090654353,"{""type"":""Polygon"",""coordinates"":[[[-109.09,31.93],[-109.07,31.93],[-109.07,31.945],[-109.09,31.945],[-109.09,31.93]]]}"
LT05_035038_19990513,0.07283238690048656,"{""type"":""Polygon"",""coordinates"":[[[-109.09,31.93],[-109.07,31.93],[-109.07,31.945],[-109.09,31.945],[-109.09,31.93]]]}"
LT05_035038_19990529,0.11267144224223179,"{""type"":""Polygon"",""coordinates"":[[[-109.09,31.93],[-109.07,31.93],[-109.07,31.945],[-109.09,31.945],[-109.09,31.93]]]}"
LT05_035038_19990614,0.11268872074578963,"{""type"":""Polygon"",""coordinates"":[[[-109.09,31.93],[-109.07,31.93],[-109.07,31.945],[-109.09,31.945],[-109.09,31.93]]]}"
LT05_035038_19990630,0.10651225969316415,"{""type"":""Polygon"",""coordinates"":[[[-109.09,31.93],[-109.07,31.93],[-109.07,31.945],[-109.09,31.945],[-109.09,31.93]]]}"
LT05_035038_19990716,0.11811764703010318,"{""type"":""Polygon"",""coordinates"":[[[-109.09,31.93],[-109.07,31.93],[-109.07,31.945],[-109.09,31.945],[-109.09,31.93]]]}"
LT05_035038_19990801,,"{""type"":""Polygon"",""coordinates"":[[[-109.09,31.93],[-109.07,31.93],[-109.07,31.945],[-109.09,31.945],[-109.09,31.93]]]}"
LT05_035038_19990817,0.34007690458447304,"{""type"":""Polygon"",""coordinates"":[[[-109.09,31.93],[-109.07,31.93],[-109.07,31.945],[-109.09,31.945],[-109.09,31.93]]]}"
LT05_035038_19990902,,"{""type"":""Polygon"",""coordinates"":[[[-109.09,31.93],[-109.07,31.93],[-109.07,31.945],[-109.09,31.945],[-109.09,31.93]]]}"
LT05_035038_19990918,0.2785521673584914,"{""type"":""Polygon"",""coordinates"":[[[-109.09,31.93],[-109.07,31.93],[-109.07,31.945],[-109.09,31.945],[-109.09,31.93]]]}"
LT05_035038_19991004,0.21794571384704572,"{""type"":""Polygon"",""coordinates"":[[[-109.09,31.93],[-109.07,31.93],[-109.07,31.945],[-109.09,31.945],[-109.09,31.93]]]}"
LT05_035038_19991105,0.1662820727313207,"{""type"":""Polygon"",""coordinates"":[[[-109.09,31.93],[-109.07,31.93],[-109.07,31.945],[-109.09,31.945],[-109.09,31.93]]]}"
LT05_035038_19991121,0.15441082458509467,"{""type"":""Polygon"",""coordinates"":[[[-109.09,31.93],[-109.07,31.93],[-109.07,31.945],[-109.09,31.945],[-109.09,31.93]]]}"
LT05_035038_19991223,0.13390141753028825,"{""type"":""Polygon"",""coordinates"":[[[-109.09,31.93],[-109.07,31.93],[-109.07,31.945],[-109.09,31.945],[-109.09,31.93]]]}"
LT05_035038_20000108,0.1355535880096417,"{""type"":""Polygon"",""coordinates"":[[[-109.09,31.93],[-109.07,31.93],[-109.07,31.945],[-109.09,31.945],[-109.09,31.93]]]}"
LT05_035038_20000124,0.09161867529760899,"{""type"":""Polygon"",""coordinates"":[[[-109.09,31.93],[-109.07,31.93],[-109.07,31.945],[-109.09,31.945],[-109.09,31.93]]]}"
LT05_035038_20000209,0.12887033402639017,"{""type"":""Polygon"",""coordinates"":[[[-109.09,31.93],[-109.07,31.93],[-109.07,31.945],[-109.09,31.945],[-109.09,31.93]]]}"
LT05_035038_20000312,0.11264555721890279,"{""type"":""Polygon"",""coordinates"":[[[-109.09,31.93],[-109.07,31.93],[-109.07,31.945],[-109.09,31.945],[-109.09,31.93]]]}"
LT05_035038_20000328,0.11341686388840842,"{""type"":""Polygon"",""coordinates"":[[[-109.09,31.93],[-109.07,31.93],[-109.07,31.945],[-109.09,31.945],[-109.09,31.93]]]}"
LT05_035038_20000413,0.10926591959722999,"{""type"":""Polygon"",""coordinates"":[[[-109.09,31.93],[-109.07,31.93],[-109.07,31.945],[-109.09,31.945],[-109.09,31.93]]]}"
LT05_035038_20000515,0.08520132929715986,"{""type"":""Polygon"",""coordinates"":[[[-109.09,31.93],[-109.07,31.93],[-109.07,31.945],[-109.09,31.945],[-109.09,31.93]]]}"
LT05_035038_20000531,0.10476279850568457,"{""type"":""Polygon"",""coordinates"":[[[-109.09,31.93],[-109.07,31.93],[-109.07,31.945],[-109.09,31.945],[-109.09,31.93]]]}"
LT05_035038_20000616,0.11963281907533288,"{""type"":""Polygon"",""coordinates"":[[[-109.09,31.93],[-109.07,31.93],[-109.07,31.945],[-109.09,31.945],[-109.09,31.93]]]}"
LT05_035038_20000702,0.1057229675145274,"{""type"":""Polygon"",""coordinates"":[[[-109.09,31.93],[-109.07,31.93],[-109.07,31.945],[-109.09,31.945],[-109.09,31.93]]]}"
LT05_035038_20000718,0.17661056927447089,"{""type"":""Polygon"",""coordinates"":[[[-109.09,31.93],[-109.07,31.93],[-109.07,31.945],[-109.09,31.945],[-109.09,31.93]]]}"
LT05_035038_20000803,0.14986120974396894,"{""type"":""Polygon"",""coordinates"":[[[-109.09,31.93],[-109.07,31.93],[-109.07,31.945],[-109.09,31.945],[-109.09,31.93]]]}"
LT05_035038_20000819,0.14358212291020264,"{""type"":""Polygon"",""coordinates"":[[[-109.09,31.93],[-109.07,31.93],[-109.07,31.945],[-109.09,31.945],[-109.09,31.93]]]}"
LT05_035038_20000904,0.14515023550846018,"{""type"":""Polygon"",""coordinates"":[[[-109.09,31.93],[-109.07,31.93],[-109.07,31.945],[-109.09,31.945],[-109.09,31.93]]]}"
LT05_035038_20001006,0.1229965081562376,"{""type"":""Polygon"",""coordinates"":[[[-109.09,31.93],[-109.07,31.93],[-109.07,31.945],[-109.09,31.945],[-109.09,31.93]]]}"
LT05_035038_20001123,0.16976183972203668,"{""type"":""Polygon"",""coordinates"":[[[-109.09,31.93],[-109.07,31.93],[-109.07,31.945],[-109.09,31.945],[-109.09,31.93]]]}"
LT05_035038_20001225,0.28458674411045637,"{""type"":""Polygon"",""coordinates"":[[[-109.09,31.93],[-109.07,31.93],[-109.07,31.945],[-109.09,31.945],[-109.09,31.93]]]}"
LT05_035038_20010110,0.31002095474921854,"{""type"":""Polygon"",""coordinates"":[[[-109.09,31.93],[-109.07,31.93],[-109.07,31.945],[-109.09,31.945],[-109.09,31.93]]]}"
LT05_035038_20010126,0.29762657450521235,"{""type"":""Polygon"",""coordinates"":[[[-109.09,31.93],[-109.07,31.93],[-109.07,31.945],[-109.09,31.945],[-109.09,31.93]]]}"
LT05_035038_20010211,0.3187374203983632,"{""type"":""Polygon"",""coordinates"":[[[-109.09,31.93],[-109.07,31.93],[-109.07,31.945],[-109.09,31.945],[-109.09,31.93]]]}"
LT05_035038_20010315,0.3114652079534557,"{""type"":""Polygon"",""coordinates"":[[[-109.09,31.93],[-109.07,31.93],[-109.07,31.945],[-109.09,31.945],[-109.09,31.93]]]}"
LT05_035038_20010331,0.2539650162946854,"{""type"":""Polygon"",""coordinates"":[[[-109.09,31.93],[-109.07,31.93],[-109.07,31.945],[-109.09,31.945],[-109.09,31.93]]]}"
LT05_035038_20010416,0.19881219083850038,"{""type"":""Polygon"",""coordinates"":[[[-109.09,31.93],[-109.07,31.93],[-109.07,31.945],[-109.09,31.945],[-109.09,31.93]]]}"
LT05_035038_20010502,0.17277274142067228,"{""type"":""Polygon"",""coordinates"":[[[-109.09,31.93],[-109.07,31.93],[-109.07,31.945],[-109.09,31.945],[-109.09,31.93]]]}"
LT05_035038_20010518,0.15817765683464732,"{""type"":""Polygon"",""coordinates"":[[[-109.09,31.93],[-109.07,31.93],[-109.07,31.945],[-109.09,31.945],[-109.09,31.93]]]}"
LT05_035038_20010619,0.15103048598098884,"{""type"":""Polygon"",""coordinates"":[[[-109.09,31.93],[-109.07,31.93],[-109.07,31.945],[-109.09,31.945],[-109.09,31.93]]]}"
LT05_035038_20010705,0.1744213296993621,"{""type"":""Polygon"",""coordinates"":[[[-109.09,31.93],[-109.07,31.93],[-109.07,31.945],[-109.09,31.945],[-109.09,31.93]]]}"
LT05_035038_20010806,0.1798614714121462,"{""type"":""Polygon"",""coordinates"":[[[-109.09,31.93],[-109.07,31.93],[-109.07,31.945],[-109.09,31.945],[-109.09,31.93]]]}"
LT05_035038_20010822,0.22951786868020016,"{""type"":""Polygon"",""coordinates"":[[[-109.09,31.93],[-109.07,31.93],[-109.07,31.945],[-109.09,31.945],[-109.09,31.93]]]}"
LT05_035038_20010907,0.20384318017829425,"{""type"":""Polygon"",""coordinates"":[[[-109.09,31.93],[-109.07,31.93],[-109.07,31.945],[-109.09,31.945],[-109.09,31.93]]]}"
LT05_035038_20010923,0.19062240353610851,"{""type"":""Polygon"",""coordinates"":[[[-109.09,31.93],[-109.07,31.93],[-109.07,31.945],[-109.09,31.945],[-109.09,31.93]]]}"
LT05_035038_20011009,0.1760584006791596,"{""type"":""Polygon"",""coordinates"":[[[-109.09,31.93],[-109.07,31.93],[-109.07,31.945],[-109.09,31.945],[-109.09,31.93]]]}"
LT05_035038_20011025,0.14549022705965084,"{""type"":""Polygon"",""coordinates"":[[[-109.09,31.93],[-109.07,31.93],[-109.07,31.945],[-109.09,31.945],[-109.09,31.93]]]}"
LT05_035038_20011110,0.14395835637138105,"{""type"":""Polygon"",""coordinates"":[[[-109.09,31.93],[-109.07,31.93],[-109.07,31.945],[-109.09,31.945],[-109.09,31.93]]]}"
LT05_035038_20011126,,"{""type"":""Polygon"",""coordinates"":[[[-109.09,31.93],[-109.07,31.93],[-109.07,31.945],[-109.09,31.945],[-109.09,31.93]]]}"
LT05_035038_20011228,0.12389986945231853,"{""type"":""Polygon"",""coordinates"":[[[-109.09,31.93],[-109.07,31.93],[-109.07,31.945],[-109.09,31.945],[-109.09,31.93]]]}"
LT05_035038_20020113,0.1338230550298874,"{""type"":""Polygon"",""coordinates"":[[[-109.09,31.93],[-109.07,31.93],[-109.07,31.945],[-109.09,31.945],[-109.09,31.93]]]}"
LT05_035038_20020214,0.12768602011142874,"{""type"":""Polygon"",""coordinates"":[[[-109.09,31.93],[-109.07,31.93],[-109.07,31.945],[-109.09,31.945],[-109.09,31.93]]]}"
LT05_035038_20020302,0.13232811550994925,"{""type"":""Polygon"",""coordinates"":[[[-109.09,31.93],[-109.07,31.93],[-109.07,31.945],[-109.09,31.945],[-109.09,31.93]]]}"
LT05_035038_20020505,0.10351445285969833,"{""type"":""Polygon"",""coordinates"":[[[-109.09,31.93],[-109.07,31.93],[-109.07,31.945],[-109.09,31.945],[-109.09,31.93]]]}"
LT05_035038_20020521,0.1089216232539238,"{""type"":""Polygon"",""coordinates"":[[[-109.09,31.93],[-109.07,31.93],[-109.07,31.945],[-109.09,31.945],[-109.09,31.93]]]}"
LT05_035038_20020606,0.11769318852662514,"{""type"":""Polygon"",""coordinates"":[[[-109.09,31.93],[-109.07,31.93],[-109.07,31.945],[-109.09,31.945],[-109.09,31.93]]]}"
LT05_035038_20020622,0.1124109421580619,"{""type"":""Polygon"",""coordinates"":[[[-109.09,31.93],[-109.07,31.93],[-109.07,31.945],[-109.09,31.945],[-109.09,31.93]]]}"
LT05_035038_20020708,0.100456462712238,"{""type"":""Polygon"",""coordinates"":[[[-109.09,31.93],[-109.07,31.93],[-109.07,31.945],[-109.09,31.945],[-109.09,31.93]]]}"
LT05_035038_20020724,0.1267296633163018,"{""type"":""Polygon"",""coordinates"":[[[-109.09,31.93],[-109.07,31.93],[-109.07,31.945],[-109.09,31.945],[-109.09,31.93]]]}"
LT05_035038_20020809,0.3065072286338738,"{""type"":""Polygon"",""coordinates"":[[[-109.09,31.93],[-109.07,31.93],[-109.07,31.945],[-109.09,31.945],[-109.09,31.93]]]}"
LT05_035038_20020825,0.34607149213142285,"{""type"":""Polygon"",""coordinates"":[[[-109.09,31.93],[-109.07,31.93],[-109.07,31.945],[-109.09,31.945],[-109.09,31.93]]]}"
LT05_035038_20020910,0.283653878975785,"{""type"":""Polygon"",""coordinates"":[[[-109.09,31.93],[-109.07,31.93],[-109.07,31.945],[-109.09,31.945],[-109.09,31.93]]]}"
LT05_035038_20020926,0.24813900277423465,"{""type"":""Polygon"",""coordinates"":[[[-109.09,31.93],[-109.07,31.93],[-109.07,31.945],[-109.09,31.945],[-109.09,31.93]]]}"
LT05_035038_20021012,0.20951081086282122,"{""type"":""Polygon"",""coordinates"":[[[-109.09,31.93],[-109.07,31.93],[-109.07,31.945],[-109.09,31.945],[-109.09,31.93]]]}"
LT05_035038_20021028,0.19248816515362724,"{""type"":""Polygon"",""coordinates"":[[[-109.09,31.93],[-109.07,31.93],[-109.07,31.945],[-109.09,31.945],[-109.09,31.93]]]}"
LT05_035038_20021113,0.1639289200827811,"{""type"":""Polygon"",""coordinates"":[[[-109.09,31.93],[-109.07,31.93],[-109.07,31.945],[-109.09,31.945],[-109.09,31.93]]]}"
LT05_035038_20021215,,"{""type"":""Polygon"",""coordinates"":[[[-109.09,31.93],[-109.07,31.93],[-109.07,31.945],[-109.09,31.945],[-109.09,31.93]]]}"
LT05_035038_20021231,0.13039740868029112,"{""type"":""Polygon"",""coordinates"":[[[-109.09,31.93],[-109.07,31.93],[-109.07,31.945],[-109.09,31.945],[-109.09,31.93]]]}"
LT05_035038_20030116,0.12633961687209674,"{""type"":""Polygon"",""coordinates"":[[[-109.09,31.93],[-109.07,31.93],[-109.07,31.945],[-109.09,31.945],[-109.09,31.93]]]}"
LT05_035038_20030201,0.11264764268346981,"{""type"":""Polygon"",""coordinates"":[[[-109.09,31.93],[-109.07,31.93],[-109.07,31.945],[-109.09,31.945],[-109.09,31.93]]]}"
LT05_035038_20030217,0.11413517218623105,"{""type"":""Polygon"",""coordinates"":[[[-109.09,31.93],[-109.07,31.93],[-109.07,31.945],[-109.09,31.945],[-109.09,31.93]]]}"
LT05_035038_20030305,0.0765111884404373,"{""type"":""Polygon"",""coordinates"":[[[-109.09,31.93],[-109.07,31.93],[-109.07,31.945],[-109.09,31.945],[-109.09,31.93]]]}"
LT05_035038_20030321,0.11451803096034308,"{""type"":""Polygon"",""coordinates"":[[[-109.09,31.93],[-109.07,31.93],[-109.07,31.945],[-109.09,31.945],[-109.09,31.93]]]}"
LT05_035038_20030406,0.10318244057779166,"{""type"":""Polygon"",""coordinates"":[[[-109.09,31.93],[-109.07,31.93],[-109.07,31.945],[-109.09,31.945],[-109.09,31.93]]]}"
LT05_035038_20030422,0.1061106505475069,"{""type"":""Polygon"",""coordinates"":[[[-109.09,31.93],[-109.07,31.93],[-109.07,31.945],[-109.09,31.945],[-109.09,31.93]]]}"
LT05_035038_20030508,0.10026386499338923,"{""type"":""Polygon"",""coordinates"":[[[-109.09,31.93],[-109.07,31.93],[-109.07,31.945],[-109.09,31.945],[-109.09,31.93]]]}"
LT05_035038_20030524,,"{""type"":""Polygon"",""coordinates"":[[[-109.09,31.93],[-109.07,31.93],[-109.07,31.945],[-109.09,31.945],[-109.09,31.93]]]}"
LT05_035038_20030609,,"{""type"":""Polygon"",""coordinates"":[[[-109.09,31.93],[-109.07,31.93],[-109.07,31.945],[-109.09,31.945],[-109.09,31.93]]]}"
LT05_035038_20030625,0.11523193630441084,"{""type"":""Polygon"",""coordinates"":[[[-109.09,31.93],[-109.07,31.93],[-109.07,31.945],[-109.09,31.945],[-109.09,31.93]]]}"
LT05_035038_20030711,0.09280476995652777,"{""type"":""Polygon"",""coordinates"":[[[-109.09,31.93],[-109.07,31.93],[-109.07,31.945],[-109.09,31.945],[-109.09,31.93]]]}"
LT05_035038_20030727,0.1278356696725096,"{""type"":""Polygon"",""coordinates"":[[[-109.09,31.93],[-109.07,31.93],[-109.07,31.945],[-109.09,31.945],[-109.09,31.93]]]}"
LT05_035038_20030812,0.1280763956632251,"{""type"":""Polygon"",""coordinates"":[[[-109.09,31.93],[-109.07,31.93],[-109.07,31.945],[-109.09,31.945],[-109.09,31.93]]]}"
LT05_035038_20030913,0.12112492188724931,"{""type"":""Polygon"",""coordinates"":[[[-109.09,31.93],[-109.07,31.93],[-109.07,31.945],[-109.09,31.945],[-109.09,31.93]]]}"
LT05_035038_20030929,0.12075080273414018,"{""type"":""Polygon"",""coordinates"":[[[-109.09,31.93],[-109.07,31.93],[-109.07,31.945],[-109.09,31.945],[-109.09,31.93]]]}"
LT05_035038_20031015,0.11938974290341965,"{""type"":""Polygon"",""coordinates"":[[[-109.09,31.93],[-109.07,31.93],[-109.07,31.945],[-109.09,31.945],[-109.09,31.93]]]}"
LT05_035038_20031031,0.10705284533956937,"{""type"":""Polygon"",""coordinates"":[[[-109.09,31.93],[-109.07,31.93],[-109.07,31.945],[-109.09,31.945],[-109.09,31.93]]]}"
LT05_035038_20031116,0.1176280072402539,"{""type"":""Polygon"",""coordinates"":[[[-109.09,31.93],[-109.07,31.93],[-109.07,31.945],[-109.09,31.945],[-109.09,31.93]]]}"
LT05_035038_20031202,,"{""type"":""Polygon"",""coordinates"":[[[-109.09,31.93],[-109.07,31.93],[-109.07,31.945],[-109.09,31.945],[-109.09,31.93]]]}"
LT05_035038_20031218,0.1136427943773683,"{""type"":""Polygon"",""coordinates"":[[[-109.09,31.93],[-109.07,31.93],[-109.07,31.945],[-109.09,31.945],[-109.09,31.93]]]}"
LT05_035038_20040103,0.13690659353841375,"{""type"":""Polygon"",""coordinates"":[[[-109.09,31.93],[-109.07,31.93],[-109.07,31.945],[-109.09,31.945],[-109.09,31.93]]]}"
LT05_035038_20040119,0.15388326965074517,"{""type"":""Polygon"",""coordinates"":[[[-109.09,31.93],[-109.07,31.93],[-109.07,31.945],[-109.09,31.945],[-109.09,31.93]]]}"
LT05_035038_20040220,,"{""type"":""Polygon"",""coordinates"":[[[-109.09,31.93],[-109.07,31.93],[-109.07,31.945],[-109.09,31.945],[-109.09,31.93]]]}"
LT05_035038_20040307,0.18463666359248201,"{""type"":""Polygon"",""coordinates"":[[[-109.09,31.93],[-109.07,31.93],[-109.07,31.945],[-109.09,31.945],[-109.09,31.93]]]}"
LT05_035038_20040408,0.12055650273659137,"{""type"":""Polygon"",""coordinates"":[[[-109.09,31.93],[-109.07,31.93],[-109.07,31.945],[-109.09,31.945],[-109.09,31.93]]]}"
LT05_035038_20040424,0.14271086456456208,"{""type"":""Polygon"",""coordinates"":[[[-109.09,31.93],[-109.07,31.93],[-109.07,31.945],[-109.09,31.945],[-109.09,31.93]]]}"
LT05_035038_20040510,0.1294500517352296,"{""type"":""Polygon"",""coordinates"":[[[-109.09,31.93],[-109.07,31.93],[-109.07,31.945],[-109.09,31.945],[-109.09,31.93]]]}"
LT05_035038_20040526,0.09761312335408473,"{""type"":""Polygon"",""coordinates"":[[[-109.09,31.93],[-109.07,31.93],[-109.07,31.945],[-109.09,31.945],[-109.09,31.93]]]}"
LT05_035038_20040611,0.12200035270445606,"{""type"":""Polygon"",""coordinates"":[[[-109.09,31.93],[-109.07,31.93],[-109.07,31.945],[-109.09,31.945],[-109.09,31.93]]]}"
LT05_035038_20040627,0.12626611176904556,"{""type"":""Polygon"",""coordinates"":[[[-109.09,31.93],[-109.07,31.93],[-109.07,31.945],[-109.09,31.945],[-109.09,31.93]]]}"
LT05_035038_20040713,0.09940426493517364,"{""type"":""Polygon"",""coordinates"":[[[-109.09,31.93],[-109.07,31.93],[-109.07,31.945],[-109.09,31.945],[-109.09,31.93]]]}"
LT05_035038_20040729,0.13750569054781347,"{""type"":""Polygon"",""coordinates"":[[[-109.09,31.93],[-109.07,31.93],[-109.07,31.945],[-109.09,31.945],[-109.09,31.93]]]}"
LT05_035038_20040814,,"{""type"":""Polygon"",""coordinates"":[[[-109.09,31.93],[-109.07,31.93],[-109.07,31.945],[-109.09,31.945],[-109.09,31.93]]]}"
LT05_035038_20040830,0.25405345201361135,"{""type"":""Polygon"",""coordinates"":[[[-109.09,31.93],[-109.07,31.93],[-109.07,31.945],[-109.09,31.945],[-109.09,31.93]]]}"
LT05_035038_20040915,0.2088083520553932,"{""type"":""Polygon"",""coordinates"":[[[-109.09,31.93],[-109.07,31.93],[-109.07,31.945],[-109.09,31.945],[-109.09,31.93]]]}"
LT05_035038_20041001,0.2053606870911496,"{""type"":""Polygon"",""coordinates"":[[[-109.09,31.93],[-109.07,31.93],[-109.07,31.945],[-109.09,31.945],[-109.09,31.93]]]}"
LT05_035038_20041017,0.16491549301853137,"{""type"":""Polygon"",""coordinates"":[[[-109.09,31.93],[-109.07,31.93],[-109.07,31.945],[-109.09,31.945],[-109.09,31.93]]]}"
LT05_035038_20041102,0.14683546801002847,"{""type"":""Polygon"",""coordinates"":[[[-109.09,31.93],[-109.07,31.93],[-109.07,31.945],[-109.09,31.945],[-109.09,31.93]]]}"
LT05_035038_20041118,0.14236113597461306,"{""type"":""Polygon"",""coordinates"":[[[-109.09,31.93],[-109.07,31.93],[-109.07,31.945],[-109.09,31.945],[-109.09,31.93]]]}"
LT05_035038_20041220,0.15714246637257312,"{""type"":""Polygon"",""coordinates"":[[[-109.09,31.93],[-109.07,31.93],[-109.07,31.945],[-109.09,31.945],[-109.09,31.93]]]}"
LT05_035038_20050105,,"{""type"":""Polygon"",""coordinates"":[[[-109.09,31.93],[-109.07,31.93],[-109.07,31.945],[-109.09,31.945],[-109.09,31.93]]]}"
LT05_035038_20050222,0.2567322642421679,"{""type"":""Polygon"",""coordinates"":[[[-109.09,31.93],[-109.07,31.93],[-109.07,31.945],[-109.09,31.945],[-109.09,31.93]]]}"
LT05_035038_20050310,0.31341371558149345,"{""type"":""Polygon"",""coordinates"":[[[-109.09,31.93],[-109.07,31.93],[-109.07,31.945],[-109.09,31.945],[-109.09,31.93]]]}"
LT05_035038_20050326,0.2597317568606514,"{""type"":""Polygon"",""coordinates"":[[[-109.09,31.93],[-109.07,31.93],[-109.07,31.945],[-109.09,31.945],[-109.09,31.93]]]}"
LT05_035038_20050411,0.1892217677784519,"{""type"":""Polygon"",""coordinates"":[[[-109.09,31.93],[-109.07,31.93],[-109.07,31.945],[-109.09,31.945],[-109.09,31.93]]]}"
LT05_035038_20050427,0.17058312365341285,"{""type"":""Polygon"",""coordinates"":[[[-109.09,31.93],[-109.07,31.93],[-109.07,31.945],[-109.09,31.945],[-109.09,31.93]]]}"
LT05_035038_20050513,0.15387625547320688,"{""type"":""Polygon"",""coordinates"":[[[-109.09,31.93],[-109.07,31.93],[-109.07,31.945],[-109.09,31.945],[-109.09,31.93]]]}"
LT05_035038_20050529,0.12120028118134084,"{""type"":""Polygon"",""coordinates"":[[[-109.09,31.93],[-109.07,31.93],[-109.07,31.945],[-109.09,31.945],[-109.09,31.93]]]}"
LT05_035038_20050614,0.14692538894150028,"{""type"":""Polygon"",""coordinates"":[[[-109.09,31.93],[-109.07,31.93],[-109.07,31.945],[-109.09,31.945],[-109.09,31.93]]]}"
LT05_035038_20050630,0.14466359363262735,"{""type"":""Polygon"",""coordinates"":[[[-109.09,31.93],[-109.07,31.93],[-109.07,31.945],[-109.09,31.945],[-109.09,31.93]]]}"
LT05_035038_20050716,0.14988618630823386,"{""type"":""Polygon"",""coordinates"":[[[-109.09,31.93],[-109.07,31.93],[-109.07,31.945],[-109.09,31.945],[-109.09,31.93]]]}"
LT05_035038_20050801,0.1656181997740484,"{""type"":""Polygon"",""coordinates"":[[[-109.09,31.93],[-109.07,31.93],[-109.07,31.945],[-109.09,31.945],[-109.09,31.93]]]}"
LT05_035038_20050817,,"{""type"":""Polygon"",""coordinates"":[[[-109.09,31.93],[-109.07,31.93],[-109.07,31.945],[-109.09,31.945],[-109.09,31.93]]]}"
LT05_035038_20050902,0.18986816856367542,"{""type"":""Polygon"",""coordinates"":[[[-109.09,31.93],[-109.07,31.93],[-109.07,31.945],[-109.09,31.945],[-109.09,31.93]]]}"
LT05_035038_20050918,0.20714701861063523,"{""type"":""Polygon"",""coordinates"":[[[-109.09,31.93],[-109.07,31.93],[-109.07,31.945],[-109.09,31.945],[-109.09,31.93]]]}"
LT05_035038_20051004,0.1394136502513647,"{""type"":""Polygon"",""coordinates"":[[[-109.09,31.93],[-109.07,31.93],[-109.07,31.945],[-109.09,31.945],[-109.09,31.93]]]}"
LT05_035038_20051020,0.16393128761077513,"{""type"":""Polygon"",""coordinates"":[[[-109.09,31.93],[-109.07,31.93],[-109.07,31.945],[-109.09,31.945],[-109.09,31.93]]]}"
LT05_035038_20051105,0.14822275825633088,"{""type"":""Polygon"",""coordinates"":[[[-109.09,31.93],[-109.07,31.93],[-109.07,31.945],[-109.09,31.945],[-109.09,31.93]]]}"
LT05_035038_20051121,0.1330078682351893,"{""type"":""Polygon"",""coordinates"":[[[-109.09,31.93],[-109.07,31.93],[-109.07,31.945],[-109.09,31.945],[-109.09,31.93]]]}"
LT05_035038_20060124,0.06488422493494755,"{""type"":""Polygon"",""coordinates"":[[[-109.09,31.93],[-109.07,31.93],[-109.07,31.945],[-109.09,31.945],[-109.09,31.93]]]}"
LT05_035038_20060209,0.10136739410830638,"{""type"":""Polygon"",""coordinates"":[[[-109.09,31.93],[-109.07,31.93],[-109.07,31.945],[-109.09,31.945],[-109.09,31.93]]]}"
LT05_035038_20060225,0.11396321500580268,"{""type"":""Polygon"",""coordinates"":[[[-109.09,31.93],[-109.07,31.93],[-109.07,31.945],[-109.09,31.945],[-109.09,31.93]]]}"
LT05_035038_20060313,0.10179207663504099,"{""type"":""Polygon"",""coordinates"":[[[-109.09,31.93],[-109.07,31.93],[-109.07,31.945],[-109.09,31.945],[-109.09,31.93]]]}"
LT05_035038_20060414,,"{""type"":""Polygon"",""coordinates"":[[[-109.09,31.93],[-109.07,31.93],[-109.07,31.945],[-109.09,31.945],[-109.09,31.93]]]}"
LT05_035038_20060430,0.10319654066881981,"{""type"":""Polygon"",""coordinates"":[[[-109.09,31.93],[-109.07,31.93],[-109.07,31.945],[-109.09,31.945],[-109.09,31.93]]]}"
LT05_035038_20060516,0.07258986754480337,"{""type"":""Polygon"",""coordinates"":[[[-109.09,31.93],[-109.07,31.93],[-109.07,31.945],[-109.09,31.945],[-109.09,31.93]]]}"
LT05_035038_20060601,0.09312375256096017,"{""type"":""Polygon"",""coordinates"":[[[-109.09,31.93],[-109.07,31.93],[-109.07,31.945],[-109.09,31.945],[-109.09,31.93]]]}"
LT05_035038_20060617,0.11049462314596831,"{""type"":""Polygon"",""coordinates"":[[[-109.09,31.93],[-109.07,31.93],[-109.07,31.945],[-109.09,31.945],[-109.09,31.93]]]}"
LT05_035038_20060703,0.09719200237948539,"{""type"":""Polygon"",""coordinates"":[[[-109.09,31.93],[-109.07,31.93],[-109.07,31.945],[-109.09,31.945],[-109.09,31.93]]]}"
LT05_035038_20060719,0.16723592203530394,"{""type"":""Polygon"",""coordinates"":[[[-109.09,31.93],[-109.07,31.93],[-109.07,31.945],[-109.09,31.945],[-109.09,31.93]]]}"
LT05_035038_20060820,0.39741515769314234,"{""type"":""Polygon"",""coordinates"":[[[-109.09,31.93],[-109.07,31.93],[-109.07,31.945],[-109.09,31.945],[-109.09,31.93]]]}"
LT05_035038_20060921,0.4149914894688048,"{""type"":""Polygon"",""coordinates"":[[[-109.09,31.93],[-109.07,31.93],[-109.07,31.945],[-109.09,31.945],[-109.09,31.93]]]}"
LT05_035038_20061007,,"{""type"":""Polygon"",""coordinates"":[[[-109.09,31.93],[-109.07,31.93],[-109.07,31.945],[-109.09,31.945],[-109.09,31.93]]]}"
LT05_035038_20061023,0.2260068630478724,"{""type"":""Polygon"",""coordinates"":[[[-109.09,31.93],[-109.07,31.93],[-109.07,31.945],[-109.09,31.945],[-109.09,31.93]]]}"
LT05_035038_20061108,0.23184479578236908,"{""type"":""Polygon"",""coordinates"":[[[-109.09,31.93],[-109.07,31.93],[-109.07,31.945],[-109.09,31.945],[-109.09,31.93]]]}"
LT05_035038_20061124,0.204526610607802,"{""type"":""Polygon"",""coordinates"":[[[-109.09,31.93],[-109.07,31.93],[-109.07,31.945],[-109.09,31.945],[-109.09,31.93]]]}"
LT05_035038_20061210,0.16361325560326692,"{""type"":""Polygon"",""coordinates"":[[[-109.09,31.93],[-109.07,31.93],[-109.07,31.945],[-109.09,31.945],[-109.09,31.93]]]}"
LT05_035038_20061226,0.14799903530198683,"{""type"":""Polygon"",""coordinates"":[[[-109.09,31.93],[-109.07,31.93],[-109.07,31.945],[-109.09,31.945],[-109.09,31.93]]]}"
